INSERT [dbo].[__MigrationHistory] ([MigrationId], [ContextKey], [Model], [ProductVersion]) VALUES (N'201708010519239_InitialCreate', N'Server.Context.BujinkanContext', 0x1F8B0800000000000400ED3DDB72E3BA91EF5BB5FFA0D253923AB1EC99CD6E326527A591E4393AC7921C499ED99317174DC1363314A990948F9DADFDB27DD84FDA5F588017105712204152B25D533525036003E86E341A8DEEC6FFFDCFFF9EFFE579EBF69E40103ABE77D13F3B39EDF78067FB1BC77BB8E8EFA3FBDFFFB1FF973FFFEBBF9C4F36DBE7DED7ACDD47D40E7EE98517FDC728DA7D1A0C42FB116CADF064EBD8811FFAF7D189ED6F07D6C61F7C383DFDD3E0EC6C0020883E84D5EB9D2FF75EE46C41FC07FC73E47B36D8457BCB9DF91BE0866939AC59C5507B736B0BC29D65838BFE0A0470B827F093083C47FDDED075AC1015BBF7FD9EE5797E6445708C9F6E42B08A02DF7B58ED6081E5AE5F7600B6BBB7DC10A463FF9437579DC6E907348D41FE6106CADE8791BFD50478F631C5CB80FDBC1276FB186F10731388E1E805CD3AC6DE457F682304C3B27E8FEDEDD3C80D504B8CDD980C27F88B1F7A49F90F980320A3A07F3FF4467B37DA07E0C203FB28B0DC1F7AD7FB3BD7B17F062F6BFF3BF02EBCBDEB92E38223837554012CBA0EFC1D08A29725B84F473BDDF47B03FABB01FB21FE8CF82699C697BD037FCF61DFD69D0B30D507859FA3FF33009075E00AE8F766D6F315F01EA2C78B3EFCD9EF5D3ACF609395A4506F3C072E18F85114EC8176AF6310DA81B34B885EBBF3E2BE6E02B7F13EC65684B1887EAF9D6DF9B842108CC1BDE321BCB1542CFE741400D8C946DCAB26296E769BEAB0E6D693F310AFA6A2C9F57B4BE0C6ADC247679788AD7C9DDD326D2F037FBBF45D72F1D24D6E57FE3EB0D168FDE2766B2B7800113DE8F3412E230A2507332A45E9417D555782F4867721ACB5A394098F43A22433C9407CF621892C4F9F2D21226336F783635C1BCA6CF6D90AC1E4097891328BE12F6AB317829475005724C3F185CCC7206A0D37EA0EB691556405516D2A4FBC4D6D18C3CD260061D8F846338A5599B6F1FC376787BE6E7C765F76CD63F0122AD477BEFFBD799DA0451D67F5E8FF7A1D38FF0475C56E0C6406B67720C8404DBDE8ECDF95BE9BFB5BFD2F47FB208087AF9CAB9128CA0BB5D7326ABC040F0E125E24EEAB6284843506D6C6753C6D552F994E740DA595633B3BC7F2A29040D2C70FDAA3826CE36CF7DB22886504033BEB651B6F3C5A74CE3EAB8A8BA16DFBF0203CDF939CD29CBC447D052F252A84548D4D3F172AB0781FBEC5AD72D595ABE49456BE85485D2DD3B1C392A1A56D44038BAB0A8695D4D7D2A1316214559BB4FDFBC9DB18FF5F5BD163F38BECB8546EC4D85A07BA6615ED42747CDEFFDDF1BE5BDEDA895C406D914C8D269A2F9D208CBAB1FDACF681D749C793ADE5983005E9AA545618FEEA079BF67BFE06EE5E8F3A7DFDE87BCDCBCBB1E569E9438B6043E9BB1554B936CF096AEA103B40FFEFBEDE174895D0DD1D2BE96048928AD42FB29C5371A84A5DA50B2143381454C1AB5B7929EE291B0651958D507510B182565BF5630724530D554785A0C8A994D43224423FC5F4896B7489B30E2CC7832B478C9AACF6365100F2A150151C5AE85A115294358F847914350FD4B843CDA315F5B44DD9F779EFB8D1B4B63D60113C589EF3CF98720812A594F1959AD047CE93630FC3D0B79D1888C892D11886A676E35D98D2C1BA524A2A1CC64B370656FE09F68C4AD22691B88AD206357E3F773778E30D891A9F930D9824F1DD9809F326FCCC14AC19F0F6A660253685C41A30062E88C0D075CD003D1A4345A679282FE2EC830ED586B1455BF2E3BF8FF65AEFD20F468F8EBB09406D863EB21BC2B77321D8AA2F125C4835B7AF066F34F0494770A266EB38AD856B50E53AA3CEB94D3A20EA54574910EB396834E29C41F8890C0AC7BA025B28A7D50DDC69FBCEC6FBD9F5D53738D4F8F8CFC49D1A08353B37746A1609BE123907F7EC079F1774D5ED882940B1D90C32D66DDE82309A9115FC6D29556B4CE2C5605969870BC5A3A82FE510981C051A2B32FBC8F4CACC07532C42B407DDD4806B78D0B5626EABB49895F9E7CAF1BE6B9382FCA82BFE8158DAECED487BECCC775D0DFF8BE5BA4063D869FBB7B78F9A38F6A7C8E32CBF54F941DF0042925F3FFA91E6959E4EB442C1E123EB5CB8EDA538BC259BE5FB1F5FCB6D84822655F6E4E2C085AC1369D882B08174AC06431696204C3B5135FAA61FBC1B7E9B74FF30E2815541DF962ED7A3B49AD65BB419A7CB57ADB805B76C25CD6AADDB548FD0D53BDEDC06DE4A245F8B7B31E5B1AFE4B56DCCCFDFACD77DBB67F594FD85C775B68E5BBF5C835A2B179D5EB48E3A4D98D99241149F11D0D5DC34025BE5C1661FBCAB06C72DCF8C79BDD4F673CC7992123A19A391D5BA576BB9BF8C143CD746B38F2BF004DC7A089049C932FD11850E65D368EED076744A5FE11E91E14BB8497095DC2EC1B7D03D47D2642B1E23DB563052BA897CBC4C3BDD51AFF677D9B76267A61A6366FD2ACBE6664EF9C7A0A5CABFB8851CCD0695FFBFEE4198689B8A3B73F6C1DBD899B3D9CEACC0843B9FEECEE285BF1A89523CCA23B7320F7F753640DDB1396EDD9522FCD5B7ADBBBD6B69D8CBF34FDEC692FBD649B0D23AB0BCD02598F47DB549583867758D8C21460E9F47998FE6F59EED5ABD37AA68E239C8A556DD4D245D49625711B652185C4FB7D0531DF75BD2EB015BEBA6E1A56B3DE479FE0AC4C223D4B53727E3C80FB1B50F4A85B8B4B254B8F13620705F20DF91A7631ADD494A916CE47FFBB9DFFB6AB97BF8FB94A30CD57472B35CE0B667C56D6F5663DC94B7A4524D7FBAFE0537FDC8633FC17301EE99E0EB6A0488433CE838EEF669319DAFD6CB9BD17AB15425C9EAC7E97801FF53250B6CFAE3702EA38C12BAF9B0AA6A184741182117A4D53ED2E78BF94415DDC3D56A319A0ED7D3C55C8671251CC68EF8D5D086C32A91377FFBD89A2DE6E3E12FAAF85ADF4C5664F312EEFC3619CFE90F4A44C7FAC79B25D5FE6371FBCBE5946CFD6F258B65B8BE5992EDFF50D2FE86C20D1FAF4EF3D297E564329BCCD7F883FFA8C04994AB4B358E4A40382024FD66DAE7AC2FC3ABABC95299B586579F6F66AA8C355CAEA7A3AB492DB927B28D6B237CE40720C13A36ED098CEE19F2E3E6ED51E0F3D5E28BB22EF095E4DC12F45F2F1763B8ADA9AEEAD564369D0F97AA8BFA663559CA96B41665B96B09A3E465A07744E3C9EC7AFDCBEDD574AEACF5AD2623B4DFDD425175A34AF01F1733E96263DBA2B1DCAE17704CABB52AC9B36F56D793D1F4723A5295E8D4BCFFA0C22A04D588133F9D6A8CEE70E26D7AA579C7685B591A9B318324777690C8500C5CF47FC74DA5083236E8131E0459E0100DF7F4E484A7DE12DC0364F8772C77040F5911523222DE82E078B6B3B3DCB251301F2A1A1F100970176CCD18EC00E4752F2AC3AD4ADF44D8163F04DC1363192943D1F980E0956216A232A5C8682C4E9B427B08E9F08C30D34A9BEC221A400B9C22C2E331300991AA40465251DE829CA0498213056A0A010A38448DE32AF1063F931638839FAD4AA75906A6EE24479C4BA27099D3A97C6ACA0C2AFB0F012C496941033B635178BEF0928C01BDA19DBC4A31B242DBDAF04640B8FD6E4C491972C86D891812E72A7D6679B93AE1232EBA58C601F250E39C11F2D408EA9C258D506E7347920DA2059691E1F51876263A06BC94C27498A421B6A1B383154B38D3DC42F6DD26AB908854E9378BF3ED8449D8DC77E54719A92253F38854479FD1993015B52C1D96388499986C1C82AF314F61D4330330BF216B646508C7D0C62150844C25094A5CA076B33A705079215D65A2B31293E8884C834602B6EBB6F8E2A8A4A524244A46CFB2F8284249C76188EADC521256258D523AB8B340F1445A60C4623AA97225E535DE097B0A828165CC5314199C330E0E9357E7CA827862057E3727D0E4E36881A1E4D8553B3890F1E69D72929A9C2B89DE36C24FF5849C79BEEA4A5615E2FA784415179028A3BF3C3A31273D0E0656672B694C230FB661AD5C369216784986DBA3D0CD658F61CA285EFA32664E78E2055C758E2A7B51B37D515532A21618AC04E7C723AEF8D838191B1404CAF111963AFC258FAF236DB11259658EA9A4C368819DA4B83D0A81258B032C25B82C90D1103FC9620ECBC137C055E2C1B4C95B626CAB8C800F3BEE96CFD4F6C5B2384E435C76289B62F180DA64B423DF12F9B88E221BBF24C843148CA87779208E0D2100D329160FCDF6259D421BF657195D0E703B4DBC6EE13711FC2277854D0341503978166583826B25F5FE0C85117809DC158898538503C27E2F77F5E50F061C53D270A8352A02C588BB1270C95DB27850F8FEBD040622BAE8FBC441A4ECE3D4602704808D792540883C091C907C7329019245B78B80E489014A80E0F864314AC988E71248D9221281110758D3D29486C43C8E4BB4632F59C52E219C78143BB6E249F08CCAAD65157756021EC1A9ACC4A467AD8011FAA93A1E1972074D6ADC4217CD6A28107A6736347BF211247EEE32BF436AB802CFC36AF316781C2A03AA4AF8442E49A8CE3BD7F174A2DCEB6AD09BF2AC23E0A402B5F66CF93724F849177B82516396FA82554381D405AC21B6679EAE2840057F312F1E38753D5F1309D4ED7C934B807B94B2682F28930332EF9DBAFB407B1281796C40800CB95F0F3D78A1674F4544089D7A1A47836C6148BC55F8211B5810BCAB4A93D396A5A2E571A0E2A1414DA4C4478314F7B90A5C809812AF8C26B124CA05CE63A8CC49809A4D819B4035BE29700F5041750DAC94B28EC29DB7702AA58C53013DED330F9F2196C750F1A52D3511E9B56D35BC48AF6B9B4489EC86518019A5CB48ADEB486262944DA200496537904DE24A903C92C752C92D9AE23D1A310DC2A0508017F9CD592B1861D33E16E0A5E86648EB6EA83A8E24B7412A00EB20A97485A9DC6AE8DC6B54C750FB8B4B9042497C1A28B0C72B5AE489691096AD92C380D8066F0223595E276CF8C575E78395FD08B6565A703E804D6CB0431230CEE0166615336BB7438958F22FD392DE6A67D9C8B6FAFB55BFF7BC75BDF0A2FF1845BB4F834118830E4FB68E1DF8A17F1F9DD8FE76606DFCC187D3D33F0DCECE06DB04C6C0A68E5DAC991AF714F981F500985A746EDE804B2708A3B1155977164A5E30DA6CB966AC995B6291CC7AE32DD93CF9324B65F60DFA9D261248D2E0A57D11266FFE5620FDF812CE6D8BAE15D0348160E3127C0BBF5ED9966B0582C47523DFDD6F3DF91587FC6BF43FFD7D52A20E81CA0F4702A22AD4E1C539ED48387181C678E24C6DD440E2128D11B0B785D468CAAE12E570A9B474244CAA42639C646A3A6A8C64050FEF7CC0B0217719C5713B7793472F20A5E5C588349D15360DD1EFC5FD6F98A54681FC6D85F556B835CA315F6FCD25094F680859991E97C68CE307221E25AADE1E875664276CA6ABC24A49E2A09658680D775B06A569913A8CF4017412465AA40E237EFE9C841017A87F8FDF2B2761E0420DC68D6F98298E15DC391741C08F8D934070A13A9CF8317112465CA0FEFD25D4B0EE7CFF3B0D242FED6E63269E05A278262FD61081E8832483112307C90A4D78737F2B83985769F0144E7D4AF1152ED55925687B59820707F96FF00411D5AB4327BF1B036BE3421598862F6EA18B89081E7423C776768EE545A1082B6C0BF51E66D6B3B3DD6F0B7A10B7D0E110B0B35E90E466D9232FAF024D8C7151BD8654B46D743D38DFF3DCCC5469D030CFAD40114E9E72A1F16D58A0CC5551E15096BC96B65D26232F0988A9D210F8E834CB1FC388620D11BD0F3C0E122ED410585BCB614E616991C612B1C2F0D738C93FB53070A93AA46FE08E06121774B1A55E3FFADC4A4F8A74CEA7EC766C6989FBF4912C12425AD49D6A5045B848C796A6A1A28625494D2587922521A2B6414962A2B6055D9CBF4C5FD08D173F2DDEAE59083F31470BDDB45067F9B059BEE995C4D6EA9C419E1C9BB0CBCAF5BDE296EA3D4E1923C254CB806042C8EB8BD676971A4EC5A4BFDCD6CBE1743E9D7F696BC9C5A9D3E97D41EB907108C7F94B3F183D3A2E3CBE331C4F55BC9B07AA9B078C5BDBD3E430ACF950D36E78F0878B24CDD6E158F5E0B8364E1C1B94266D4EF38E5324751049B78E870CB9DDA37005D050AA1CD15A43224EB07EC0688C535CE9E330CE61FFAEFDD5D4FE0C893B22928B927705115E5DB099CCAF4181DD46C3F5E4CB62F94B1BAB36799EE19096ACEC8228436895FBA10631DAD022D65D74ED323815A57A50E4E0183C799DE190189CC1259BB7E7B0D1895F5D39608C6679BBF431993D17743462A2BEC30DF5D6137538222BBA346F92E9E5E8134E51E23939C4BA2E469D88870ACC9C2DD5A361E6DADE6786594F70E1AE7DD96EF2E2DEDCA578374A7445DFB53C5CB3C6329204A2AAECAEB22F0F75195D5BD1237BF1874ADE9E2B5A45864B22A56B309B28DC5B81D3C49F1D2A9BA19BB4981F78714BD554F0AAE420D2357A37916288748D86B30CF0F66288748DEE624B564292CD67E8BAA265C735795FD0AA0B1A0768D659D459DE980A0B5BFAE9A12EEEFA7BC8BB237F23AC9C8739D534DF543183670982DECD36D1C9576703AA7892B489C4AFD3F1647158582C72FF4768A962DD6D10A56FE4A45BED3CF82EA285223A0FD0AD215E6451D50ACB41FEE96B5D0EE6FCD3EABB77E63466BD79F2720D271CF6F570CA1987AD54877B059E0083F3B4A82BA1C1A723A6B5CFB264C505DCF5AE893621E6F2CC9635C41C4E81A92FE6E49F3623E6B2FE6656C0B85CD2351A8BDB0B7FE5624CD2B277365464432A376A1D7D3E4FA2AACF8B451F37C38DDFB8E88E6F9A911DEBC0F24297A33251FCCE836C359DF9833F99532910E5EE416C4BD181266E204B8FC7EA3FE284893C7A94183186244E944D74AD3F2A69AA70A551C95F52940D8A4DD4C25394CBD7C236C1FC9496E0BF71BE9634570A95C4259E124AC9124F254CF3B6B0C9539226FD1E1CFB93B3418953562F21546E4E508393D53FDC91EB20BF59DC606679CE3DDC69D6FE77E05DF43F9C9EFEB1DF1BBA8E15263975D2B4309FD8ACE24A7962CE3EA23C3160B31DB09FEB679B4150C270E30A72CDA03591ED7EE2742BE73F038EB732F216E5923F1FB01F9E0B382A4977BDF79C7FEC818332BE3BF70EDA6EE77BD7451AE045FFDE72433E37B8F0C89300F39EACC07EB482DF6CADE7DF6A43A20EEC2500E384F025F0E29393013889844D0021911B3968C69A6361756B19F6B93CF8536F039E2FFAFF1503FAD49BFEE72D03EB875E7C30FBD43BEDFDB7EEB0A83D493E4325F251FB91162C722B2A5C2745EFA21CC35AC9B2AB24E0EE9C481FC9744A95F271BD422E107A211C05FD9564A50AC5921B2803808E8CF4BC5BC0EBA1BBDA1E49F91318902335E1D0BE03D5E1D01E03D5E148DC03EA023C9E0522BC5E7F638B44493A2A2F9396D5B6D7C895E25BC937C695C68E23868F49E41D450DF6CEC1BC02CE16609D7616A0F1DEEFCDACE72BE03D448F17FDB30F7F34B56E242F8DBEAF9B2A7C8E2F41AB2B03E90D6802C0F1F40190379FD5A170979DD541A5379DD501B4263DD48E45ECD5688D21B1C0EA0CECDDFC63421C8AAF398F421CD2F7A226C462763B6A02D691F181EC8AF1283821B99B344135E27AF20D3241C1C5A01A1FC8EFF6F8B6E21BB772BEC17DD490F7298C5A5A7536FE9ADB8ED628D429C9A514E966212B20A12619BAB92B530268403B6E9CC90EFD34AB7E8321CC52F0A6B9BEA5135C27C7783E63E63BA95B36721939FCB339396B9C9A0B336F1A98EFD43602264DC46900529E8B531B98F23A13E4777BAD0B2D7D65C3C4CE9F66E7ACA9F1C7193A6BC2C019354D58B5E3C49A26F083B36B1A18559C65B3DBD5D4BCAC25127A5497B6D4031C0998706BB92E236D95AC82F4CB1BF580E52946EA5881F977366A5CC10B5FD5A8E7AE267E47A3FA8CC5AF6608E1A951347F2CA32E6FF00F64D4431DF33286095196A7AFAD73A2C9A0D4395D75A23E0B3391BDD68DDDA089C084218FCA7C567DFD1BBFB3A6F29DD55A1539A0A3BFE0515E51C27468EF2BEA583D382865ABC22668446133A1181D85F14EFC20C36B5D3DF1EB0FD5297A38874BEAE987EA6CDEFA195505D0211E518D47F37470857540BAB87A8C0CF70EDD6B154DCC5377D58514F1C69D11835AF6D09D09606A165845B7E8ECCD3B13D0E2C7EF0ECD9495BE8267427C59586C55B52DD4F616347F6A3A1C4342FA925E8D712420EA0C227B88AFC620121006D44CE23288757029886447A1E63D3406FC704F321714037D9296CCF66EE4EC5CC786BD5EF4CF38A4E42068971A1214534383FC1D0712EE2A00D90F1DCB1DF91E324E3A7CFE0178E2F06C6767B9D40498568A5B15C22B86C7D68CC10E7888ACC269AA74589006000367B6CE32145011F97A8C204A1E405031560048E22505C7C206E277740F810BE469175A60822CB0EBB628069A6002AA15C50D740DCB16ECDC165E1246D71BDA4902859115DA16FFD85C9C7B42361A1C95460E242F6C868FE4786A86A10A92E28A79A930D7562B4C85F34E34CB55A7272745F226CF7E4142244A5F077F48927C1C348364D10FB7E227790822629736928679A11643E0B02712565ED8083BC81F0E32CF0905092DF9BE8A5208B6CB0374408C9413B4A8A7C809494E9FF6B8418B4286B8219EA34A7FE50920DBE58B2EF78E2E4445EB3B8716371EC6C691457C1BDE38CA8E2D7190397B62490A8F7ED790A7F63EC45D03BDFB798B089103BABD0C7C465ADCAEFD5B41F88781734C019FC4CF7C923C121728889DE39016E2177A95FB698B3704615B9A368C92AD4189CEC766B450A56DA7B68A98BE2D0AFE1609DDAAC0572576E7C23E1B809AC097443F352AF4EB1F4F8F43F81BE0CF16F8055DDDA8F18A2074AA513E89FB23212505AF863F787C1E1A6FE4B71D4A0C228AF969944314EFD98E9847EA5EC4B5CA24E264A084E04FEB29B99F9569E9938A8437A568481F69ED90DE84034127644FBDD1D52483386CA051D990754902C365AF463E485F863F240991B14AEEE02F6504ADDBC91221A1C101860485D6B5638B942F7E92BE551EE8D240DD3E431CB43C380CEB341CD7666F2B6A98E2609946F791AC4B12182E7B35FB8810B15A5DB5C82AED99B334887F84462D1DA2776ED75AA36F1D4FF122431218D4A8A4C07D92D0F2C257232BC4B8D5EAAB4D7EA97FB9618CE84776C3A145E84E6F3930B1DB33417441F8160D115AB4EFDA1681784F6D5F10446435BA2754BF3C3D8EBDA0A6286A8B37DA130B4A043F3E71A04CE7AE45417C9D95BC5F292351F57BA56EC85CF39EC83C8DB380B1EED6B3E0ED29C286E833D23B296825BAA24DBEE091D0315F64317C2DF04512B8871F48C5C28779CC94E391F42D5B36E6A2DFCB2301F99887E449D48BFEE6CE87B44DC20987A3F5CDF06ABAFE452024E84E18DD81EB88A917758628703B9E5C4EE7C3CF5793D21EF1CEC5F5856B44BD8C1637F3F5B27C42C972E26027C522C0CB85C2A073233F0F195709A14F568B9BE5A8BC87DCFF94EB21AF12F570359DFF5C0A3D7774E6A0E75522E8B3C9FCE676BA9ECC4ABBC06F2EF05DE455A22EFE7A3359ADA78B79690F44367FBE0FB252D4CBD7C568F8F9E66AA8C0424CF0A2901E44BDA8B79F16D379ACCEA76E07A55DC68E687C4F71B1A883A4A66CA961A322BFD6709570B1E1DA921E12E584839E148B2027352550539C7160D372115C3534E3FB140E34AE1101C79525E0B1F195038F6B44E0716509F8FCFCCEC1CFAB441DE4B565BB41AC0FF09B405C2C93FD1C54FA05F1E220F51ED1985D5E850FB3F3FE167832126EA0BE11AE71C13BF29C7A454FAEC2C4D3A06C85898BDF7EE7F43962EC227274346D4918B260DA2A01CB45961072FE744D0122D80D3DFE3C2FAC3D7D59C0AC60FE4AB1B5C611C06997F1F744696D14F021A182C997C48DD27610663B8B472CDBAAA82F59F527FE322F34375526F2B168C2454192D5072FFC32098A6C78EAA57CAE1206689CCD9BA63C1FBE2611EC05316E86989C3D4160B19E14D69FAA5EA096080F3542BD8C7306A97227A812A9D415D1946CA2120C88F288D4DBD59B9C4A2163CBE3774C31754353AB188822C081899016E3CCAD85F00AE8D38CCB10A0AD4E6487717491C7D8F853E131B58EEEAF11A2507832A81AEA601C658A87AE5A48C306C1228C48EE9944F767E45AC8CA3A996225F7740116EABBB91BE70BC6C4127F2DB39F54471CE1AC5D8016994B77F5936007532DD5AB159C978F8CCA95BC6E0598A9EFBD6B1C718C8930FE5A66FFAB8EB8229DADD84FD590DAD6EC342B7A5B0A9061C26FD3388FB076DEF873A90DB706FA64A79402EFC49A2795D6A656A03A14BBE319D11C9A9EA6A64B990009759CD28C33BC121F5545530127C8BDAF8C704153D322BC8864072B818F91FE81A73D1A25B7F31202893C4938871A5277F31B66B72C333376F0C075E783E4922C2D807F467E603D8099BF016E18979E0F9690739C6D92D3F97C0C42E72107710E617AC0A61C4A709BA977EF677E2DCC88B226EC6B6A20B23656640D83C8B9B7EC0856DB200CA1F0EBF7BE5AEE1E1D72B6776033F516FB68B78FE094C1F6CEA5D81AF9C714F57F3EE0C67CBE8853918726A60087E9A0A73C161E7A997583C77D29C8982D01811C6FBE00589ED012BD80071E5E30A4799C095E05508A3EEC2FB406DB9D0B81850B6F653D812A63831C7E051E2CFB05963F39711A7819907242D0683F1F3BD643606DC31446FE3DFC13F2F066FBFCE7FF07A48CC376F7790100, N'6.1.3-40302')

/* COUNTRY */
INSERT INTO [dbo].[COUNTRY] ([Id], [Name], [Path], [CreatedDate], [UpdatedDate]) VALUES (N'6f82e7ba-215f-4941-9b4c-04a348b5e565', N'Kyrgyzstán', N'/Content/images/flags/kyrgyzstan.jpg', CURRENT_TIMESTAMP, CURRENT_TIMESTAMP)
INSERT INTO [dbo].[COUNTRY] ([Id], [Name], [Path], [CreatedDate], [UpdatedDate]) VALUES (N'602e29a2-419b-4839-b907-04bba294e76b', N'Argentina', N'/Content/images/flags/argentina.jpg', CURRENT_TIMESTAMP, CURRENT_TIMESTAMP)
INSERT INTO [dbo].[COUNTRY] ([Id], [Name], [Path], [CreatedDate], [UpdatedDate]) VALUES (N'c7bcc0b6-e811-4b4c-adde-08b6dcad1986', N'Lotyšsko', N'/Content/images/flags/lithuania.jpg', CURRENT_TIMESTAMP, CURRENT_TIMESTAMP)
INSERT INTO [dbo].[COUNTRY] ([Id], [Name], [Path], [CreatedDate], [UpdatedDate]) VALUES (N'de56d6a6-154b-4116-9762-1a40ab697fdb', N'Malta', N'/Content/images/flags/malta.jpg', CURRENT_TIMESTAMP, CURRENT_TIMESTAMP)
INSERT INTO [dbo].[COUNTRY] ([Id], [Name], [Path], [CreatedDate], [UpdatedDate]) VALUES (N'7e3a5eb8-56f4-4f40-9fc0-1c7e5a844688', N'Bulharsko', N'/Content/images/flags/bulgaria.jpg', CURRENT_TIMESTAMP, CURRENT_TIMESTAMP)
INSERT INTO [dbo].[COUNTRY] ([Id], [Name], [Path], [CreatedDate], [UpdatedDate]) VALUES (N'd3258a34-4975-46c8-91de-2ebe62df6c52', N'Lichtenštejnsko', N'/Content/images/flags/lichtenstein.jpg', CURRENT_TIMESTAMP, CURRENT_TIMESTAMP)
INSERT INTO [dbo].[COUNTRY] ([Id], [Name], [Path], [CreatedDate], [UpdatedDate]) VALUES (N'3caf8fda-cce3-4de2-b73f-3197dfe2c53d', N'Německo', N'/Content/images/flags/germany.jpg', CURRENT_TIMESTAMP, CURRENT_TIMESTAMP)
INSERT INTO [dbo].[COUNTRY] ([Id], [Name], [Path], [CreatedDate], [UpdatedDate]) VALUES (N'e4b923da-ccca-4766-bd8d-3b0fb0585d72', N'Rusko', N'/Content/images/flags/russia.jpg', CURRENT_TIMESTAMP, CURRENT_TIMESTAMP)
INSERT INTO [dbo].[COUNTRY] ([Id], [Name], [Path], [CreatedDate], [UpdatedDate]) VALUES (N'de821109-29bc-436a-bfdf-45c1f88260ef', N'Maďarsko', N'/Content/images/flags/hungary.jpg', CURRENT_TIMESTAMP, CURRENT_TIMESTAMP)
INSERT INTO [dbo].[COUNTRY] ([Id], [Name], [Path], [CreatedDate], [UpdatedDate]) VALUES (N'b0970056-0507-45c6-92fb-510d4ec3b723', N'San Marino', N'/Content/images/flags/sanmarino.jpg', CURRENT_TIMESTAMP, CURRENT_TIMESTAMP)
INSERT INTO [dbo].[COUNTRY] ([Id], [Name], [Path], [CreatedDate], [UpdatedDate]) VALUES (N'7439b126-a1c2-4b72-ab81-5199efdd7835', N'Rakousko', N'/Content/images/flags/austria.jpg', CURRENT_TIMESTAMP, CURRENT_TIMESTAMP)
INSERT INTO [dbo].[COUNTRY] ([Id], [Name], [Path], [CreatedDate], [UpdatedDate]) VALUES (N'ff86cefd-f537-4581-93c0-60c54f434533', N'Srbsko', N'/Content/images/flags/serbia.jpg', CURRENT_TIMESTAMP, CURRENT_TIMESTAMP)
INSERT INTO [dbo].[COUNTRY] ([Id], [Name], [Path], [CreatedDate], [UpdatedDate]) VALUES (N'00d09974-4061-4084-9e5c-65d666890eda', N'Andora', N'/Content/images/flags/andorra.jpg', CURRENT_TIMESTAMP, CURRENT_TIMESTAMP)
INSERT INTO [dbo].[COUNTRY] ([Id], [Name], [Path], [CreatedDate], [UpdatedDate]) VALUES (N'e0bde086-9dda-414c-8bea-7649013e6488', N'Slovinsko', N'/Content/images/flags/slovenia.jpg', CURRENT_TIMESTAMP, CURRENT_TIMESTAMP)
INSERT INTO [dbo].[COUNTRY] ([Id], [Name], [Path], [CreatedDate], [UpdatedDate]) VALUES (N'ca758cdb-be74-492a-b821-7b1b7dfbb5a2', N'Norsko', N'/Content/images/flags/norway.jpg', CURRENT_TIMESTAMP, CURRENT_TIMESTAMP)
INSERT INTO [dbo].[COUNTRY] ([Id], [Name], [Path], [CreatedDate], [UpdatedDate]) VALUES (N'a72a85b7-0801-4c79-97c2-7cc96c254bf7', N'Nizozemí', N'/Content/images/flags/netherlands.jpg', CURRENT_TIMESTAMP, CURRENT_TIMESTAMP)
INSERT INTO [dbo].[COUNTRY] ([Id], [Name], [Path], [CreatedDate], [UpdatedDate]) VALUES (N'd3371d82-36c2-4b6c-a0e5-7d6decd259fa', N'Velká Británie', N'/Content/images/flags/gb.jpg', CURRENT_TIMESTAMP, CURRENT_TIMESTAMP)
INSERT INTO [dbo].[COUNTRY] ([Id], [Name], [Path], [CreatedDate], [UpdatedDate]) VALUES (N'14024a38-1e56-481f-ad5e-7ec7e35d4dfd', N'Lucembursko', N'/Content/images/flags/luxembourg.jpg', CURRENT_TIMESTAMP, CURRENT_TIMESTAMP)
INSERT INTO [dbo].[COUNTRY] ([Id], [Name], [Path], [CreatedDate], [UpdatedDate]) VALUES (N'446e64f9-7743-4528-ad09-832d0731e79f', N'Švédsko', N'/Content/images/flags/sweden.jpg', CURRENT_TIMESTAMP, CURRENT_TIMESTAMP)
INSERT INTO [dbo].[COUNTRY] ([Id], [Name], [Path], [CreatedDate], [UpdatedDate]) VALUES (N'0b51bbaf-ef8e-4ae1-8c73-860751bddaaa', N'Japonsko', N'/Content/images/flags/japan.jpg', CURRENT_TIMESTAMP, CURRENT_TIMESTAMP)
INSERT INTO [dbo].[COUNTRY] ([Id], [Name], [Path], [CreatedDate], [UpdatedDate]) VALUES (N'df03a970-ba3c-48d1-a900-8935f88d0d16', N'Estonsko', N'/Content/images/flags/estonia.jpg', CURRENT_TIMESTAMP, CURRENT_TIMESTAMP)
INSERT INTO [dbo].[COUNTRY] ([Id], [Name], [Path], [CreatedDate], [UpdatedDate]) VALUES (N'77f68949-6edf-437d-926c-8ee0fbdcb669', N'Egypt', N'/Content/images/flags/egypt.jpg', CURRENT_TIMESTAMP, CURRENT_TIMESTAMP)
INSERT INTO [dbo].[COUNTRY] ([Id], [Name], [Path], [CreatedDate], [UpdatedDate]) VALUES (N'10a7b4a0-1b77-45a8-923a-915e559fe62a', N'Bělorusko', N'/Content/images/flags/belarus.jpg', CURRENT_TIMESTAMP, CURRENT_TIMESTAMP)
INSERT INTO [dbo].[COUNTRY] ([Id], [Name], [Path], [CreatedDate], [UpdatedDate]) VALUES (N'e6f655b4-8d88-486b-abeb-91b57cd0eee5', N'Turecko', N'/Content/images/flags/turkey.jpg', CURRENT_TIMESTAMP, CURRENT_TIMESTAMP)
INSERT INTO [dbo].[COUNTRY] ([Id], [Name], [Path], [CreatedDate], [UpdatedDate]) VALUES (N'c22de903-3964-41dc-9778-97499e46f07c', N'Švýcarsko', N'/Content/images/flags/switzerland.jpg', CURRENT_TIMESTAMP, CURRENT_TIMESTAMP)
INSERT INTO [dbo].[COUNTRY] ([Id], [Name], [Path], [CreatedDate], [UpdatedDate]) VALUES (N'56c6f73f-17d3-41c6-b0af-9b2252239866', N'Chorvatsko', N'/Content/images/flags/croatia.jpg', CURRENT_TIMESTAMP, CURRENT_TIMESTAMP)
INSERT INTO [dbo].[COUNTRY] ([Id], [Name], [Path], [CreatedDate], [UpdatedDate]) VALUES (N'2cde72c6-bae9-45d4-a7e1-9dabd7922ca6', N'Portugalsko', N'/Content/images/flags/portugal.jpg', CURRENT_TIMESTAMP, CURRENT_TIMESTAMP)
INSERT INTO [dbo].[COUNTRY] ([Id], [Name], [Path], [CreatedDate], [UpdatedDate]) VALUES (N'f5d811f1-1949-4f64-904d-9ef7d2b68596', N'Francie', N'/Content/images/flags/france.jpg', CURRENT_TIMESTAMP, CURRENT_TIMESTAMP)
INSERT INTO [dbo].[COUNTRY] ([Id], [Name], [Path], [CreatedDate], [UpdatedDate]) VALUES (N'd7dcf43d-69d8-4654-b945-a0df4b633afc', N'Litva', N'/Content/images/flags/latvia.jpg', CURRENT_TIMESTAMP, CURRENT_TIMESTAMP)
INSERT INTO [dbo].[COUNTRY] ([Id], [Name], [Path], [CreatedDate], [UpdatedDate]) VALUES (N'9f72d5f2-75ee-4d27-9605-a806f96bd54d', N'Řecko', N'/Content/images/flags/greece.jpg', CURRENT_TIMESTAMP, CURRENT_TIMESTAMP)
INSERT INTO [dbo].[COUNTRY] ([Id], [Name], [Path], [CreatedDate], [UpdatedDate]) VALUES (N'05c1f542-6337-4783-98f4-ad3c01ad8668', N'USA', N'/Content/images/flags/usa.jpg', CURRENT_TIMESTAMP, CURRENT_TIMESTAMP)
INSERT INTO [dbo].[COUNTRY] ([Id], [Name], [Path], [CreatedDate], [UpdatedDate]) VALUES (N'ae019609-99e0-4ef5-85bb-ad90dc302e70', N'Albánie', N'/Content/images/flags/albania.jpg', CURRENT_TIMESTAMP, CURRENT_TIMESTAMP)
INSERT INTO [dbo].[COUNTRY] ([Id], [Name], [Path], [CreatedDate], [UpdatedDate]) VALUES (N'3fa0fc96-1c01-4b6c-8b9b-ae4e9d927a41', N'Dánsko', N'/Content/images/flags/denmark.jpg', CURRENT_TIMESTAMP, CURRENT_TIMESTAMP)
INSERT INTO [dbo].[COUNTRY] ([Id], [Name], [Path], [CreatedDate], [UpdatedDate]) VALUES (N'8f204c4d-a622-418d-9dc4-b7a83c31b69b', N'Finsko', N'/Content/images/flags/finland.jpg', CURRENT_TIMESTAMP, CURRENT_TIMESTAMP)
INSERT INTO [dbo].[COUNTRY] ([Id], [Name], [Path], [CreatedDate], [UpdatedDate]) VALUES (N'e03e4291-0dae-4ce6-87a5-c95703fc0105', N'Španělsko', N'/Content/images/flags/spain.jpg', CURRENT_TIMESTAMP, CURRENT_TIMESTAMP)
INSERT INTO [dbo].[COUNTRY] ([Id], [Name], [Path], [CreatedDate], [UpdatedDate]) VALUES (N'a44cb139-96da-4509-a38a-cc1c67df8062', N'Polsko', N'/Content/images/flags/poland.jpg', CURRENT_TIMESTAMP, CURRENT_TIMESTAMP)
INSERT INTO [dbo].[COUNTRY] ([Id], [Name], [Path], [CreatedDate], [UpdatedDate]) VALUES (N'cedb61bc-9489-49c4-a48d-d88734d057b1', N'Arménie', N'/Content/images/flags/armenia.jpg', CURRENT_TIMESTAMP, CURRENT_TIMESTAMP)
INSERT INTO [dbo].[COUNTRY] ([Id], [Name], [Path], [CreatedDate], [UpdatedDate]) VALUES (N'f3d05d32-f496-432e-ba2f-d8b95a2a343c', N'Austrálie', N'/Content/images/flags/australia.jpg', CURRENT_TIMESTAMP, CURRENT_TIMESTAMP)
INSERT INTO [dbo].[COUNTRY] ([Id], [Name], [Path], [CreatedDate], [UpdatedDate]) VALUES (N'be77d63c-b3db-41e3-a234-ddaedf06bf87', N'Kanada', N'/Content/images/flags/canada.jpg', CURRENT_TIMESTAMP, CURRENT_TIMESTAMP)
INSERT INTO [dbo].[COUNTRY] ([Id], [Name], [Path], [CreatedDate], [UpdatedDate]) VALUES (N'8698e3b5-bb52-42a7-9274-df58745eba50', N'Čína', N'/Content/images/flags/china.jpg', CURRENT_TIMESTAMP, CURRENT_TIMESTAMP)
INSERT INTO [dbo].[COUNTRY] ([Id], [Name], [Path], [CreatedDate], [UpdatedDate]) VALUES (N'69ee91d6-871d-494f-abbe-ea5133d82eff', N'Itálie', N'/Content/images/flags/italy.jpg', CURRENT_TIMESTAMP, CURRENT_TIMESTAMP)
INSERT INTO [dbo].[COUNTRY] ([Id], [Name], [Path], [CreatedDate], [UpdatedDate]) VALUES (N'46d55baa-c6f3-4605-be83-edc54c32d5c4', N'Ukrajina', N'/Content/images/flags/ukraine.jpg', CURRENT_TIMESTAMP, CURRENT_TIMESTAMP)
INSERT INTO [dbo].[COUNTRY] ([Id], [Name], [Path], [CreatedDate], [UpdatedDate]) VALUES (N'6f937d0b-0400-4555-91e4-f0dd15fe3aee', N'Irsko', N'/Content/images/flags/ireland.jpg', CURRENT_TIMESTAMP, CURRENT_TIMESTAMP)
INSERT INTO [dbo].[COUNTRY] ([Id], [Name], [Path], [CreatedDate], [UpdatedDate]) VALUES (N'bd6172c6-3338-4d89-bbc6-f5e0ea517d30', N'Česká republika', N'/Content/images/flags/czech.jpg', CURRENT_TIMESTAMP, CURRENT_TIMESTAMP)
INSERT INTO [dbo].[COUNTRY] ([Id], [Name], [Path], [CreatedDate], [UpdatedDate]) VALUES (N'885ce4ce-f93f-41b1-acfb-f76dfb9149f0', N'Belgie', N'/Content/images/flags/belgium.jpg', CURRENT_TIMESTAMP, CURRENT_TIMESTAMP)
INSERT INTO [dbo].[COUNTRY] ([Id], [Name], [Path], [CreatedDate], [UpdatedDate]) VALUES (N'072faa93-a9eb-452a-95fe-fcbdef86e5c8', N'Jordánsko', N'/Content/images/flags/jordan.jpg', CURRENT_TIMESTAMP, CURRENT_TIMESTAMP)
INSERT INTO [dbo].[COUNTRY] ([Id], [Name], [Path], [CreatedDate], [UpdatedDate]) VALUES (N'187035dc-268a-4516-9bbb-fd3eb357a994', N'Kuba', N'/Content/images/flags/cuba.jpg', CURRENT_TIMESTAMP, CURRENT_TIMESTAMP)
INSERT INTO [dbo].[COUNTRY] ([Id], [Name], [Path], [CreatedDate], [UpdatedDate]) VALUES (N'90a2d75e-02fd-4b43-bbab-ff83dad99869', N'Island', N'/Content/images/flags/iceland.jpg', CURRENT_TIMESTAMP, CURRENT_TIMESTAMP)
INSERT INTO [dbo].[COUNTRY] ([Id], [Name], [Path], [CreatedDate], [UpdatedDate]) VALUES (N'f5de4df3-2be6-4323-99de-ff97048c3dcf', N'Slovensko', N'/Content/images/flags/slovakia.jpg', CURRENT_TIMESTAMP, CURRENT_TIMESTAMP)


/* ROLE */
INSERT INTO [dbo].[ROLE] ([Id], [Name], [DojoCreation], [UserCreation], [RoleCreation], [MenuCreation], [CreateUpdateDeleteAll], [CreatedDate], [UpdatedDate]) VALUES(N'90cfe19d-7bdc-49d1-bf6c-a5358506d99e', N'SuperAdmin', 1, 1, 1, 1, 1, CURRENT_TIMESTAMP, CURRENT_TIMESTAMP)


/* DOJO */
INSERT INTO [dbo].[USER_DEFINABLE] ([Id], [Public], [CreatedDate], [UpdatedDate]) VALUES(N'698cf350-8882-43c9-97e4-4da63b6262b9', 1, CURRENT_TIMESTAMP, CURRENT_TIMESTAMP)
INSERT INTO [dbo].[DOJO] ([Id], [Name], [Description], [BuiltIn], [OrganizationType], [CivicAssociationRegistration], [Ic], [Email], [Facebook]) VALUES (N'698cf350-8882-43c9-97e4-4da63b6262b9', N'Bujinkan Czech Dojo', NULL, 1, 1, N'L 8273 vedená u Městského soudu v Praze', N'72086874', N'office@bujinkan.cz', N'https://www.facebook.com/BujinkanCzechDojo')


/* USER */
INSERT INTO [dbo].[USER_DEFINABLE] ([Id], [Public], [CreatedDate], [UpdatedDate]) VALUES(N'1783fb6f-8b1c-4250-9500-ebfe43630e38', 1, CURRENT_TIMESTAMP, CURRENT_TIMESTAMP)
INSERT INTO [dbo].[USER] ([Id], [BujinkanTitle], [FirstName], [Surname], [RoleId], [Email], [Description], [Password], [CountryId], [Order], [DojoId]) VALUES (N'1783fb6f-8b1c-4250-9500-ebfe43630e38', 1, N'Jaromír', N'Krpec', N'90cfe19d-7bdc-49d1-bf6c-a5358506d99e', N'krpec.jaromir@seznam.cz', NULL, N'1000:kuRr/u5EQZuW7efGctOXAH4XHgRVw+bM:bdtUlqOfAdedpjBBvgCWH2392dAjd/aA', N'bd6172c6-3338-4d89-bbc6-f5e0ea517d30', 1, N'698cf350-8882-43c9-97e4-4da63b6262b9')


/* BLOG CATEGORY */
INSERT INTO [dbo].[USER_DEFINABLE] ([Id], [Public], [CreatedDate], [UpdatedDate]) VALUES(N'f0b1e165-5cbd-4ba0-9d4c-0e65c6598928', 1, CURRENT_TIMESTAMP, CURRENT_TIMESTAMP)
INSERT INTO [dbo].[CATEGORY] ([Id], [Name], [BuiltIn], [Discriminator]) VALUES(N'f0b1e165-5cbd-4ba0-9d4c-0e65c6598928', N'Samostatný článek', 1, N'BLOG')
INSERT INTO [dbo].[USER_DEFINABLE] ([Id], [Public], [CreatedDate], [UpdatedDate]) VALUES(N'3934e7af-25fc-4b2c-9e22-4f9a8ac472d5', 1, CURRENT_TIMESTAMP, CURRENT_TIMESTAMP)
INSERT INTO [dbo].[CATEGORY] ([Id], [Name], [BuiltIn], [Discriminator]) VALUES(N'3934e7af-25fc-4b2c-9e22-4f9a8ac472d5', N'Příběhy studentů', 1, N'BLOG')
INSERT INTO [dbo].[USER_DEFINABLE] ([Id], [Public], [CreatedDate], [UpdatedDate]) VALUES(N'c4b10004-89fd-4f1e-9e09-ecb594b79e0f', 1, CURRENT_TIMESTAMP, CURRENT_TIMESTAMP)
INSERT INTO [dbo].[CATEGORY] ([Id], [Name], [BuiltIn], [Discriminator]) VALUES(N'c4b10004-89fd-4f1e-9e09-ecb594b79e0f', N'Ohlasy dětí', 1, N'BLOG')


/* BLOG */
INSERT INTO [dbo].[USER_DEFINABLE] ([Id], [UserCreatorId], [Public], [CreatedDate], [UpdatedDate]) VALUES(N'41ad32ed-a857-43a1-b181-f65ad07f80fc', N'1783fb6f-8b1c-4250-9500-ebfe43630e38', 1, CURRENT_TIMESTAMP, CURRENT_TIMESTAMP)
INSERT INTO [dbo].[BLOG] ([Id], [Name], [Description], [BuiltIn], [CategoryId]) VALUES(N'41ad32ed-a857-43a1-b181-f65ad07f80fc', N'Je Bujinkan pro Vás', N'-', 1, N'f0b1e165-5cbd-4ba0-9d4c-0e65c6598928')


INSERT INTO [dbo].[USER_DEFINABLE] ([Id], [UserCreatorId], [Public], [CreatedDate], [UpdatedDate]) VALUES(N'c18f2a11-f593-44b5-9cd2-8dfc4eefa74b', N'1783fb6f-8b1c-4250-9500-ebfe43630e38', 1, CURRENT_TIMESTAMP, CURRENT_TIMESTAMP)
INSERT INTO [dbo].[BLOG] ([Id], [Name], [Description], [BuiltIn], [CategoryId]) VALUES(N'c18f2a11-f593-44b5-9cd2-8dfc4eefa74b', N'Historie a vývoj Bujinkanu', N'-', 1, N'f0b1e165-5cbd-4ba0-9d4c-0e65c6598928')


INSERT INTO [dbo].[USER_DEFINABLE] ([Id], [UserCreatorId], [Public], [CreatedDate], [UpdatedDate]) VALUES(N'5ef11f5f-c5f3-4eef-a993-60bc8674961c', N'1783fb6f-8b1c-4250-9500-ebfe43630e38', 1, CURRENT_TIMESTAMP, CURRENT_TIMESTAMP)
INSERT INTO [dbo].[BLOG] ([Id], [Name], [Description], [BuiltIn], [CategoryId]) VALUES(N'5ef11f5f-c5f3-4eef-a993-60bc8674961c', N'Soké Masaaki Hatsumi', N'-', 1, N'f0b1e165-5cbd-4ba0-9d4c-0e65c6598928')


INSERT INTO [dbo].[USER_DEFINABLE] ([Id], [UserCreatorId], [Public], [CreatedDate], [UpdatedDate]) VALUES(N'663f5037-f984-4af5-a9d0-74af5a73ba04', N'1783fb6f-8b1c-4250-9500-ebfe43630e38', 1, CURRENT_TIMESTAMP, CURRENT_TIMESTAMP)
INSERT INTO [dbo].[BLOG] ([Id], [Name], [Description], [BuiltIn], [CategoryId]) VALUES(N'663f5037-f984-4af5-a9d0-74af5a73ba04', N'Než půjdu na trénink', N'-', 1, N'f0b1e165-5cbd-4ba0-9d4c-0e65c6598928')


INSERT INTO [dbo].[USER_DEFINABLE] ([Id], [UserCreatorId], [Public], [CreatedDate], [UpdatedDate]) VALUES(N'd5c0fa84-dcb5-44f2-a2f9-4d4ffdd69db7', N'1783fb6f-8b1c-4250-9500-ebfe43630e38', 1, CURRENT_TIMESTAMP, CURRENT_TIMESTAMP)
INSERT INTO [dbo].[BLOG] ([Id], [Name], [Description], [BuiltIn], [CategoryId]) VALUES(N'd5c0fa84-dcb5-44f2-a2f9-4d4ffdd69db7', N'Náplň tréninku', N'-', 1, N'f0b1e165-5cbd-4ba0-9d4c-0e65c6598928')

INSERT INTO [dbo].[USER_DEFINABLE] ([Id], [UserCreatorId], [Public], [CreatedDate], [UpdatedDate]) VALUES(N'6d47e299-03a9-4013-b6c1-32c7c6bfa215', N'1783fb6f-8b1c-4250-9500-ebfe43630e38', 1, CURRENT_TIMESTAMP, CURRENT_TIMESTAMP)
INSERT INTO [dbo].[BLOG] ([Id], [Name], [Description], [BuiltIn], [CategoryId]) VALUES(N'6d47e299-03a9-4013-b6c1-32c7c6bfa215', N'Uplatnění v oborech', N'-', 1, N'f0b1e165-5cbd-4ba0-9d4c-0e65c6598928')

INSERT INTO [dbo].[USER_DEFINABLE] ([Id], [UserCreatorId], [Public], [CreatedDate], [UpdatedDate]) VALUES(N'2d06106c-a6ff-4221-8d62-fb2698080682', N'1783fb6f-8b1c-4250-9500-ebfe43630e38', 1, CURRENT_TIMESTAMP, CURRENT_TIMESTAMP)
INSERT INTO [dbo].[BLOG] ([Id], [Name], [Description], [BuiltIn], [CategoryId]) VALUES(N'2d06106c-a6ff-4221-8d62-fb2698080682', N'Pravidla', N'-', 1, N'f0b1e165-5cbd-4ba0-9d4c-0e65c6598928')


INSERT INTO [dbo].[USER_DEFINABLE] ([Id], [UserCreatorId], [Public], [CreatedDate], [UpdatedDate]) VALUES(N'b8c2df14-316d-4bbc-b13b-6e2b4dd9b42e', N'1783fb6f-8b1c-4250-9500-ebfe43630e38', 1, CURRENT_TIMESTAMP, CURRENT_TIMESTAMP)
INSERT INTO [dbo].[BLOG] ([Id], [Name], [Description], [BuiltIn], [CategoryId]) VALUES(N'b8c2df14-316d-4bbc-b13b-6e2b4dd9b42e', N'Informace pro rodiče', N'-', 1, N'f0b1e165-5cbd-4ba0-9d4c-0e65c6598928')

INSERT INTO [dbo].[USER_DEFINABLE] ([Id], [UserCreatorId], [Public], [CreatedDate], [UpdatedDate]) VALUES(N'025ad244-0c02-477d-b40d-18d1e92025e5', N'1783fb6f-8b1c-4250-9500-ebfe43630e38', 1, CURRENT_TIMESTAMP, CURRENT_TIMESTAMP)
INSERT INTO [dbo].[BLOG] ([Id], [Name], [Description], [BuiltIn], [CategoryId]) VALUES(N'025ad244-0c02-477d-b40d-18d1e92025e5', N'Co bude dítě potřebovat', N'-', 1, N'f0b1e165-5cbd-4ba0-9d4c-0e65c6598928')


INSERT INTO [dbo].[USER_DEFINABLE] ([Id], [UserCreatorId], [Public], [CreatedDate], [UpdatedDate]) VALUES(N'da965e9e-a8e4-46e7-b3f9-9bb44de7fbd1', N'1783fb6f-8b1c-4250-9500-ebfe43630e38', 1, CURRENT_TIMESTAMP, CURRENT_TIMESTAMP)
INSERT INTO [dbo].[BLOG] ([Id], [Name], [Description], [BuiltIn], [CategoryId]) VALUES(N'da965e9e-a8e4-46e7-b3f9-9bb44de7fbd1', N'Sponzorství', N'-', 1, N'f0b1e165-5cbd-4ba0-9d4c-0e65c6598928')

INSERT INTO [dbo].[USER_DEFINABLE] ([Id], [UserCreatorId], [Public], [CreatedDate], [UpdatedDate]) VALUES(N'3c1f8aa4-f254-4619-9b2b-3e83ac38f16b', N'1783fb6f-8b1c-4250-9500-ebfe43630e38', 1, CURRENT_TIMESTAMP, CURRENT_TIMESTAMP)
INSERT INTO [dbo].[BLOG] ([Id], [Name], [Description], [BuiltIn], [CategoryId]) VALUES(N'3c1f8aa4-f254-4619-9b2b-3e83ac38f16b', N'Studium v Japonsku', N'-', 1, N'f0b1e165-5cbd-4ba0-9d4c-0e65c6598928')

INSERT INTO [dbo].[USER_DEFINABLE] ([Id], [UserCreatorId], [Public], [CreatedDate], [UpdatedDate]) VALUES(N'22942bfc-a8a6-4b7f-b523-aa1b48cea028', N'1783fb6f-8b1c-4250-9500-ebfe43630e38', 1, CURRENT_TIMESTAMP, CURRENT_TIMESTAMP)
INSERT INTO [dbo].[BLOG] ([Id], [Name], [Description], [BuiltIn], [CategoryId]) VALUES(N'22942bfc-a8a6-4b7f-b523-aa1b48cea028', N'Jissen', N'-', 1, N'f0b1e165-5cbd-4ba0-9d4c-0e65c6598928')

INSERT INTO [dbo].[USER_DEFINABLE] ([Id], [UserCreatorId], [Public], [CreatedDate], [UpdatedDate]) VALUES(N'8f7a9387-edaa-4236-b1e3-0fc1e5fde907}', N'1783fb6f-8b1c-4250-9500-ebfe43630e38', 1, CURRENT_TIMESTAMP, CURRENT_TIMESTAMP)
INSERT INTO [dbo].[BLOG] ([Id], [Name], [Description], [BuiltIn], [CategoryId]) VALUES(N'8f7a9387-edaa-4236-b1e3-0fc1e5fde907', N'Rentaikai', N'-', 1, N'f0b1e165-5cbd-4ba0-9d4c-0e65c6598928')


INSERT INTO [dbo].[USER_DEFINABLE] ([Id], [UserCreatorId], [Public], [CreatedDate], [UpdatedDate]) VALUES(N'deafe0e0-5747-4dc1-854a-e6279a8b16bd', N'1783fb6f-8b1c-4250-9500-ebfe43630e38', 1, CURRENT_TIMESTAMP, CURRENT_TIMESTAMP)
INSERT INTO [dbo].[BLOG] ([Id], [Name], [Description], [BuiltIn], [CategoryId]) VALUES(N'deafe0e0-5747-4dc1-854a-e6279a8b16bd', N'Umění nebo sport?', N'-', 1, N'f0b1e165-5cbd-4ba0-9d4c-0e65c6598928')

INSERT INTO [dbo].[USER_DEFINABLE] ([Id], [UserCreatorId], [Public], [CreatedDate], [UpdatedDate]) VALUES(N'c2d1525c-2a26-45c8-abe9-5c5c37104f0d', N'1783fb6f-8b1c-4250-9500-ebfe43630e38', 1, CURRENT_TIMESTAMP, CURRENT_TIMESTAMP)
INSERT INTO [dbo].[BLOG] ([Id], [Name], [Description], [BuiltIn], [CategoryId]) VALUES(N'c2d1525c-2a26-45c8-abe9-5c5c37104f0d', N'Typy bojových umění', N'-', 1, N'f0b1e165-5cbd-4ba0-9d4c-0e65c6598928')

INSERT INTO [dbo].[USER_DEFINABLE] ([Id], [UserCreatorId], [Public], [CreatedDate], [UpdatedDate]) VALUES(N'da10a6b0-f735-4e17-9928-6571c230be06', N'1783fb6f-8b1c-4250-9500-ebfe43630e38', 1, CURRENT_TIMESTAMP, CURRENT_TIMESTAMP)
INSERT INTO [dbo].[BLOG] ([Id], [Name], [Description], [BuiltIn], [CategoryId]) VALUES(N'da10a6b0-f735-4e17-9928-6571c230be06', N'Specifika bujinkanu', N'-', 1, N'f0b1e165-5cbd-4ba0-9d4c-0e65c6598928')


INSERT INTO [dbo].[USER_DEFINABLE] ([Id], [UserCreatorId], [Public], [CreatedDate], [UpdatedDate]) VALUES(N'1ec3b993-c94c-4be7-aa4a-bc0067892fb3', N'1783fb6f-8b1c-4250-9500-ebfe43630e38', 1, CURRENT_TIMESTAMP, CURRENT_TIMESTAMP)
INSERT INTO [dbo].[BLOG] ([Id], [Name], [Description], [BuiltIn], [CategoryId]) VALUES(N'1ec3b993-c94c-4be7-aa4a-bc0067892fb3', N' O Bujinkan Czech Dojo', N'-', 1, N'f0b1e165-5cbd-4ba0-9d4c-0e65c6598928')

/* MENU ITEM */


/* TODO CHECK */
INSERT INTO [dbo].[MENU_ITEM] ([Id], [Name], [Url], [BuiltIn], [Order], [EntityType], [AssociationType], [Level], [ParentMenuItemId], [UserDefinableId], [CreatedDate], [UpdatedDate]) VALUES ('aa9672f1-8e99-4114-b7b3-68a1da3968fd', N'Úvod', N'/home', 0, 1, 0, 2, 0, NULL, NULL, '20170113 08:42:43', '20170117 12:54:59')

INSERT INTO [dbo].[MENU_ITEM] ([Id], [Name], [Url], [BuiltIn], [Order], [EntityType], [AssociationType], [Level], [ParentMenuItemId], [UserDefinableId], [CreatedDate], [UpdatedDate]) VALUES ('d2ae8fb2-24c0-4103-bb50-37bc74331d78', N'Bujinkan', NULL, 0, 2, 0, 2, 0, NULL, NULL, '20170113 08:43:40', '20170124 22:45:17')

INSERT INTO [dbo].[MENU_ITEM] ([Id], [Name], [Url], [BuiltIn], [Order], [EntityType], [AssociationType], [Level], [ParentMenuItemId], [UserDefinableId], [CreatedDate], [UpdatedDate]) VALUES ('d57bb292-aa53-4096-aac4-a9cf7a44b0c3', N'Bujinkan pod lupou', NULL, 0, 1, 0, 1, 1, 'd2ae8fb2-24c0-4103-bb50-37bc74331d78', NULL, '20170113 08:43:40', '20170124 22:45:17')
INSERT INTO [dbo].[MENU_ITEM] ([Id], [Name], [Url], [BuiltIn], [Order], [EntityType], [AssociationType], [Level], [ParentMenuItemId], [UserDefinableId], [CreatedDate], [UpdatedDate]) VALUES ('066468fa-0b0f-4686-baa5-e29847d83b61', N'Je Bujinkan pro Vás', N'/blog/Details/41ad32ed-a857-43a1-b181-f65ad07f80fc', 0, 1, 2, 4, 2, 'd57bb292-aa53-4096-aac4-a9cf7a44b0c3', '41ad32ed-a857-43a1-b181-f65ad07f80fc', '20170113 08:45:18', '20170117 11:25:57')
INSERT INTO [dbo].[MENU_ITEM] ([Id], [Name], [Url], [BuiltIn], [Order], [EntityType], [AssociationType], [Level], [ParentMenuItemId], [UserDefinableId], [CreatedDate], [UpdatedDate]) VALUES ('375d4438-1a9a-4d6b-b0fd-2b80f9fd0f63', N'Historie a vývoj Bujinkanu', N'/blog/Details/c18f2a11-f593-44b5-9cd2-8dfc4eefa74b', 0, 2, 2, 4, 2, 'd57bb292-aa53-4096-aac4-a9cf7a44b0c3', 'c18f2a11-f593-44b5-9cd2-8dfc4eefa74b', '20170113 08:45:32', '20170113 08:49:16')
INSERT INTO [dbo].[MENU_ITEM] ([Id], [Name], [Url], [BuiltIn], [Order], [EntityType], [AssociationType], [Level], [ParentMenuItemId], [UserDefinableId], [CreatedDate], [UpdatedDate]) VALUES ('2501d2cf-35d2-488e-a64c-bf375b795235', N'Soké Masaaki Hatsumi', N'/blog/Details/5ef11f5f-c5f3-4eef-a993-60bc8674961c', 0, 3, 2, 4, 2, 'd57bb292-aa53-4096-aac4-a9cf7a44b0c3', '5ef11f5f-c5f3-4eef-a993-60bc8674961c', '20170113 08:45:40', '20170117 11:26:09')

INSERT INTO [dbo].[MENU_ITEM] ([Id], [Name], [Url], [BuiltIn], [Order], [EntityType], [AssociationType], [Level], [ParentMenuItemId], [UserDefinableId], [CreatedDate], [UpdatedDate]) VALUES ('d6089df4-6f82-4941-89ae-034854f47644', N'Trénink a rozvoj', NULL, 0, 2, 0, 1, 1, 'd2ae8fb2-24c0-4103-bb50-37bc74331d78', NULL, '20170113 08:43:48', '20170113 08:44:34')
INSERT INTO [dbo].[MENU_ITEM] ([Id], [Name], [Url], [BuiltIn], [Order], [EntityType], [AssociationType], [Level], [ParentMenuItemId], [UserDefinableId], [CreatedDate], [UpdatedDate]) VALUES ('232ccd3f-66bf-4ad1-9355-0216f9899d7f', N'Než půjdu na trénink', N'/blog/Details/663f5037-f984-4af5-a9d0-74af5a73ba04', 0, 1, 2, 4, 2, 'd6089df4-6f82-4941-89ae-034854f47644', '663f5037-f984-4af5-a9d0-74af5a73ba04', '20170113 08:45:50', '20170117 11:26:23')
INSERT INTO [dbo].[MENU_ITEM] ([Id], [Name], [Url], [BuiltIn], [Order], [EntityType], [AssociationType], [Level], [ParentMenuItemId], [UserDefinableId], [CreatedDate], [UpdatedDate]) VALUES ('2150b834-721b-4cba-b06a-b33d4dd254b9', N'Náplň tréninku', N'/blog/Details/d5c0fa84-dcb5-44f2-a2f9-4d4ffdd69db7', 0, 2, 2, 4, 2, 'd6089df4-6f82-4941-89ae-034854f47644', 'd5c0fa84-dcb5-44f2-a2f9-4d4ffdd69db7', '20170113 08:45:56', '20170117 11:26:32')
INSERT INTO [dbo].[MENU_ITEM] ([Id], [Name], [Url], [BuiltIn], [Order], [EntityType], [AssociationType], [Level], [ParentMenuItemId], [UserDefinableId], [CreatedDate], [UpdatedDate]) VALUES ('93e60554-f4d5-4f0f-a40b-78e1d5981670', N'Příběhy studentů', NULL, 0, 3, 0, 0, 2, 'd6089df4-6f82-4941-89ae-034854f47644', NULL, '20170113 08:46:06', '20170113 08:46:06')
INSERT INTO [dbo].[MENU_ITEM] ([Id], [Name], [Url], [BuiltIn], [Order], [EntityType], [AssociationType], [Level], [ParentMenuItemId], [UserDefinableId], [CreatedDate], [UpdatedDate]) VALUES ('f40dd3d8-0cfc-46f6-8024-3ea6a6b179d8', N'Uplatnění v oborech', N'/blog/Details/6d47e299-03a9-4013-b6c1-32c7c6bfa215', 0, 4, 2, 4, 2, 'd6089df4-6f82-4941-89ae-034854f47644', '6d47e299-03a9-4013-b6c1-32c7c6bfa215', '20170113 08:46:17', '20170117 11:27:05')
INSERT INTO [dbo].[MENU_ITEM] ([Id], [Name], [Url], [BuiltIn], [Order], [EntityType], [AssociationType], [Level], [ParentMenuItemId], [UserDefinableId], [CreatedDate], [UpdatedDate]) VALUES ('7cf2a95c-12c8-4aaa-9251-8234fc1685a8', N'Pravidla', N'/blog/Details/2d06106c-a6ff-4221-8d62-fb2698080682', 0, 5, 2, 4, 2, 'd6089df4-6f82-4941-89ae-034854f47644', '2d06106c-a6ff-4221-8d62-fb2698080682', '20170113 08:46:32', '20170113 08:46:32')

INSERT INTO [dbo].[MENU_ITEM] ([Id], [Name], [Url], [BuiltIn], [Order], [EntityType], [AssociationType], [Level], [ParentMenuItemId], [UserDefinableId], [CreatedDate], [UpdatedDate]) VALUES ('b02fc4af-3577-45e5-93fc-cb937d83a20b', N'Trénink pro děti', NULL, 0, 3, 2, 1, 1, 'd2ae8fb2-24c0-4103-bb50-37bc74331d78', NULL, '20170113 08:43:57', '20170124 22:47:39')
INSERT INTO [dbo].[MENU_ITEM] ([Id], [Name], [Url], [BuiltIn], [Order], [EntityType], [AssociationType], [Level], [ParentMenuItemId], [UserDefinableId], [CreatedDate], [UpdatedDate]) VALUES ('8a94c3bb-7d2e-4a7f-91bf-a30940ece936', N'Informace pro rodiče', N'/blog/Details/b8c2df14-316d-4bbc-b13b-6e2b4dd9b42e', 0, 1, 2, 4, 2, 'b02fc4af-3577-45e5-93fc-cb937d83a20b', 'b8c2df14-316d-4bbc-b13b-6e2b4dd9b42e', '20170113 08:46:41', '20170117 11:27:20')
INSERT INTO [dbo].[MENU_ITEM] ([Id], [Name], [Url], [BuiltIn], [Order], [EntityType], [AssociationType], [Level], [ParentMenuItemId], [UserDefinableId], [CreatedDate], [UpdatedDate]) VALUES ('93515af5-3edd-470d-9c85-829a209e922e', N'Co bude dítě potřebovat', N'/blog/Details/025ad244-0c02-477d-b40d-18d1e92025e5', 0, 2, 2, 4, 2, 'b02fc4af-3577-45e5-93fc-cb937d83a20b', '025ad244-0c02-477d-b40d-18d1e92025e5', '20170113 08:46:52', '20170117 11:27:45')
INSERT INTO [dbo].[MENU_ITEM] ([Id], [Name], [Url], [BuiltIn], [Order], [EntityType], [AssociationType], [Level], [ParentMenuItemId], [UserDefinableId], [CreatedDate], [UpdatedDate]) VALUES ('2b7bcae7-7ea7-4a19-9379-2ff19f565908', N'Ohlasy dětí', N'/blog/Details/8e125063-0c65-4309-9f3f-7b230e56578b', 0, 3, 2, 4, 2, 'b02fc4af-3577-45e5-93fc-cb937d83a20b', NULL, '20170113 08:46:59', '20170117 11:27:56')

INSERT INTO [dbo].[MENU_ITEM] ([Id], [Name], [Url], [BuiltIn], [Order], [EntityType], [AssociationType], [Level], [ParentMenuItemId], [UserDefinableId], [CreatedDate], [UpdatedDate]) VALUES ('009422ef-ccba-4ad5-8ae5-719d84459d20', N'Vlastní aktivity', NULL, 0, 4, 0, 1, 1, 'd2ae8fb2-24c0-4103-bb50-37bc74331d78', NULL, '20170113 08:44:05', '20170113 08:44:26')
INSERT INTO [dbo].[MENU_ITEM] ([Id], [Name], [Url], [BuiltIn], [Order], [EntityType], [AssociationType], [Level], [ParentMenuItemId], [UserDefinableId], [CreatedDate], [UpdatedDate]) VALUES ('f250a22f-aba5-4a1c-8bf3-f26aaf99dd77', N'Knihy', N'/product/', 0, 1, 7, 3, 2, '009422ef-ccba-4ad5-8ae5-719d84459d20', NULL, '20170113 08:47:09', '20170117 11:28:06')
INSERT INTO [dbo].[MENU_ITEM] ([Id], [Name], [Url], [BuiltIn], [Order], [EntityType], [AssociationType], [Level], [ParentMenuItemId], [UserDefinableId], [CreatedDate], [UpdatedDate]) VALUES ('174143c5-3ce7-48b0-bc61-fa9ed337b1b6', N'Sponzorství', N'/blog/Details/da965e9e-a8e4-46e7-b3f9-9bb44de7fbd1', 0, 2, 2, 4, 2, '009422ef-ccba-4ad5-8ae5-719d84459d20', 'da965e9e-a8e4-46e7-b3f9-9bb44de7fbd1', '20170113 08:47:16', '20170117 11:28:14')
INSERT INTO [dbo].[MENU_ITEM] ([Id], [Name], [Url], [BuiltIn], [Order], [EntityType], [AssociationType], [Level], [ParentMenuItemId], [UserDefinableId], [CreatedDate], [UpdatedDate]) VALUES ('db551ad6-d0f6-4362-94b5-d8c3e5ebd87a', N'Studium v Japonsku', N'/blog/Details/3c1f8aa4-f254-4619-9b2b-3e83ac38f16b', 0, 3, 2, 4, 2, '009422ef-ccba-4ad5-8ae5-719d84459d20', '3c1f8aa4-f254-4619-9b2b-3e83ac38f16b', '20170113 08:47:24', '20170117 11:29:00')
INSERT INTO [dbo].[MENU_ITEM] ([Id], [Name], [Url], [BuiltIn], [Order], [EntityType], [AssociationType], [Level], [ParentMenuItemId], [UserDefinableId], [CreatedDate], [UpdatedDate]) VALUES ('560bf836-b3c0-4361-9713-ac910daf738a', N'Jissen', N'/blog/Details/22942bfc-a8a6-4b7f-b523-aa1b48cea028', 0, 4, 2, 4, 2, '009422ef-ccba-4ad5-8ae5-719d84459d20', '22942bfc-a8a6-4b7f-b523-aa1b48cea028', '20170113 08:47:29', '20170117 11:29:10')
INSERT INTO [dbo].[MENU_ITEM] ([Id], [Name], [Url], [BuiltIn], [Order], [EntityType], [AssociationType], [Level], [ParentMenuItemId], [UserDefinableId], [CreatedDate], [UpdatedDate]) VALUES ('1fb79470-a03b-4ac8-8f51-940d21033c62', N'Rentaikai', N'/blog/Details/8f7a9387-edaa-4236-b1e3-0fc1e5fde907', 0, 5, 2, 4, 2, '009422ef-ccba-4ad5-8ae5-719d84459d20', '8f7a9387-edaa-4236-b1e3-0fc1e5fde907', '20170113 08:47:34', '20170117 11:35:02')

INSERT INTO [dbo].[MENU_ITEM] ([Id], [Name], [Url], [BuiltIn], [Order], [EntityType], [AssociationType], [Level], [ParentMenuItemId], [UserDefinableId], [CreatedDate], [UpdatedDate]) VALUES ('f88c7b87-d8d7-44d3-80ea-5071927385b8', N'Jak vybrat bojové umění', NULL, 0, 3, 0, 0, 0, NULL, NULL, '20170113 08:43:06', '20170113 08:43:06')
INSERT INTO [dbo].[MENU_ITEM] ([Id], [Name], [Url], [BuiltIn], [Order], [EntityType], [AssociationType], [Level], [ParentMenuItemId], [UserDefinableId], [CreatedDate], [UpdatedDate]) VALUES ('b41d8fe7-55b3-439f-a40e-11f23d567ad9', N'Výběr bojového umění', NULL, 0, 1, 0, 1, 1, 'f88c7b87-d8d7-44d3-80ea-5071927385b8', NULL, '20170113 08:44:19', '20170113 08:44:19')
INSERT INTO [dbo].[MENU_ITEM] ([Id], [Name], [Url], [BuiltIn], [Order], [EntityType], [AssociationType], [Level], [ParentMenuItemId], [UserDefinableId], [CreatedDate], [UpdatedDate]) VALUES ('a3e6b715-e129-414d-a5b8-b5f7de452dd2', N'Umění nebo sport?', N'/blog/Details/deafe0e0-5747-4dc1-854a-e6279a8b16bd', 0, 1, 2, 4, 2, 'b41d8fe7-55b3-439f-a40e-11f23d567ad9', 'deafe0e0-5747-4dc1-854a-e6279a8b16bd', '20170113 08:47:43', '20170117 11:35:11')
INSERT INTO [dbo].[MENU_ITEM] ([Id], [Name], [Url], [BuiltIn], [Order], [EntityType], [AssociationType], [Level], [ParentMenuItemId], [UserDefinableId], [CreatedDate], [UpdatedDate]) VALUES ('d48a1e9b-06e1-44a0-8b17-1be73b12429e', N'Typy bojových umění', N'/blog/Details/c2d1525c-2a26-45c8-abe9-5c5c37104f0d', 0, 2, 2, 4, 2, 'b41d8fe7-55b3-439f-a40e-11f23d567ad9', 'c2d1525c-2a26-45c8-abe9-5c5c37104f0d', '20170113 08:47:51', '20170117 11:35:20')
INSERT INTO [dbo].[MENU_ITEM] ([Id], [Name], [Url], [BuiltIn], [Order], [EntityType], [AssociationType], [Level], [ParentMenuItemId], [UserDefinableId], [CreatedDate], [UpdatedDate]) VALUES ('93357445-d776-406d-b67e-ac8dc82734bd', N'Specifika Bujinkanu', N'/blog/Details/da10a6b0-f735-4e17-9928-6571c230be06', 0, 3, 2, 4, 2, 'b41d8fe7-55b3-439f-a40e-11f23d567ad9', 'da10a6b0-f735-4e17-9928-6571c230be06', '20170113 08:47:58', '20170117 11:35:28')


INSERT INTO [dbo].[MENU_ITEM] ([Id], [Name], [Url], [BuiltIn], [Order], [EntityType], [AssociationType], [Level], [ParentMenuItemId], [UserDefinableId], [CreatedDate], [UpdatedDate]) VALUES ('518baa3c-fc4f-44b6-baa1-48937c8ff279', N'Kalendář', NULL, 0, 4, 0, 0, 0, NULL, NULL, '20170113 08:43:13', '20170113 08:43:13')
INSERT INTO [dbo].[MENU_ITEM] ([Id], [Name], [Url], [BuiltIn], [Order], [EntityType], [AssociationType], [Level], [ParentMenuItemId], [UserDefinableId], [CreatedDate], [UpdatedDate]) VALUES ('00cc2726-de3e-47fe-b163-e7d0b18b69ec', N'Pořádané akce', NULL, 0, 1, 0, 1, 1, '518baa3c-fc4f-44b6-baa1-48937c8ff279', NULL, '20170113 08:44:44', '20170113 08:44:44')
INSERT INTO [dbo].[MENU_ITEM] ([Id], [Name], [Url], [BuiltIn], [Order], [EntityType], [AssociationType], [Level], [ParentMenuItemId], [UserDefinableId], [CreatedDate], [UpdatedDate]) VALUES ('667cb53d-c441-4692-9540-e2d89932cf86', N'Shihan Luboš Pokorný', NULL, 0, 1, 0, 0, 2, '00cc2726-de3e-47fe-b163-e7d0b18b69ec', NULL, '20170113 08:48:19', '20170113 08:48:19')
INSERT INTO [dbo].[MENU_ITEM] ([Id], [Name], [Url], [BuiltIn], [Order], [EntityType], [AssociationType], [Level], [ParentMenuItemId], [UserDefinableId], [CreatedDate], [UpdatedDate]) VALUES ('099b2260-0d37-48e7-b467-74461afc0ab5', N'Semináře BCD', N'/seminar/', 0, 2, 4, 3, 2, '00cc2726-de3e-47fe-b163-e7d0b18b69ec', NULL, '20170113 08:48:32', '20170113 08:48:32')

INSERT INTO [dbo].[MENU_ITEM] ([Id], [Name], [Url], [BuiltIn], [Order], [EntityType], [AssociationType], [Level], [ParentMenuItemId], [UserDefinableId], [CreatedDate], [UpdatedDate]) VALUES ('a80f23c0-d040-4758-85c7-b057ae80eac7', N'O nás', NULL, 0, 5, 0, 0, 0, NULL, NULL, '20170113 08:43:18', '20170113 08:43:18')
INSERT INTO [dbo].[MENU_ITEM] ([Id], [Name], [Url], [BuiltIn], [Order], [EntityType], [AssociationType], [Level], [ParentMenuItemId], [UserDefinableId], [CreatedDate], [UpdatedDate]) VALUES ('38e895dd-1441-482b-9909-fec46d96bb40', N'Kontaktní informace', NULL, 0, 1, 0, 1, 1, 'a80f23c0-d040-4758-85c7-b057ae80eac7', NULL, '20170113 08:44:56', '20170113 08:48:40')
INSERT INTO [dbo].[MENU_ITEM] ([Id], [Name], [Url], [BuiltIn], [Order], [EntityType], [AssociationType], [Level], [ParentMenuItemId], [UserDefinableId], [CreatedDate], [UpdatedDate]) VALUES ('281f6e29-0dda-4b29-b7cf-df37ffc1a160', N'o Bujinkan Czech Dojo', N'/blog/Details/1ec3b993-c94c-4be7-aa4a-bc0067892fb3', 0, 1, 2, 4, 2, '38e895dd-1441-482b-9909-fec46d96bb40', '1ec3b993-c94c-4be7-aa4a-bc0067892fb3', '20170113 08:49:03', '20170113 08:49:03')
INSERT INTO [dbo].[MENU_ITEM] ([Id], [Name], [Url], [BuiltIn], [Order], [EntityType], [AssociationType], [Level], [ParentMenuItemId], [UserDefinableId], [CreatedDate], [UpdatedDate]) VALUES ('f4a04404-86e7-4502-9d79-549742b5f242', N'Instruktoři', N'/user/', 0, 2, 0, 3, 2, '38e895dd-1441-482b-9909-fec46d96bb40', NULL, '20170113 08:49:32', '20170113 08:49:32')





