INSERT [dbo].[__MigrationHistory] ([MigrationId], [ContextKey], [Model], [ProductVersion]) VALUES (N'201704281025180_InitialCreate', N'Server.Context.BujinkanContext', 0x1F8B0800000000000400ED3D5D73E3B891EF5775FF41A5A724B5B1EC99CBDD66CA4E4A23CBB3DAB5254792676EF3E2A225D86696221592F2DAB9CA2FCBC3FDA4FB0B07F003C42709102029D9AEA99A92F1D104BA1B8D46A3BBF17FFFFADFD33F3F6FBCDE13082337F0CFFA2747C7FD1EF057C1DAF51FCEFABBF8FEF7DFF7FFFCA77FFFB7D3F17AF3DCFB9AB7FB88DAC19E7E74D67F8CE3EDA7C1205A3D828D131D6DDC551844C17D7CB40A3603671D0C3E1C1FFF717072320010441FC2EAF54EE73B3F763720F903FE390AFC15D8C63BC7BB0AD6C08BB27258B348A0F6A6CE06445B6705CEFA0B10C2E11EC12E31788EFBBDA1E73A112AF6EEFB3DC7F783D889E1183FDD4460118781FFB0D8C202C75BBE6C016C77EF7811C8C6FEA968AE3A8DE30F681A83A2630E6AB58BE260A309F0E463869701DBBD1676FB186F10736388E1F805CD3AC1DE597FB842088665FD1EFBB54F232F442D317613321CE11EDFF5D2F2EF3007404641FFBEEB8D765EBC0BC1990F7671E878DFF5AE77779EBBFA09BC2C835F807FE6EF3C8F1C171C19ACA30A60D175186C4118BFCCC17D36DAC9BADF1BD0FD066C47DC8DE8934EE3CBCE85BFA7F0DBCE9D0730D507A5DDD1FF3900C83A7005F47B57CEF325F01FE2C7B33EFCD9EF5DB8CF609D9764506F7C172E18D8290E7740FBABE7205A85EE3625BAF1C7CBBF75137A8D7FE3DC893116D1EFA5BBA91E5704C27370EFFA086F2C15CBBB8E42003FB2167F55931437DB757D5853E7C97D485653D9E4FABD39F09256D1A3BB4DC556B1CE6E99B61761B099071EB978E926B78B6017AED06883F2764B277C00313DE8D34121234A2507332A45E941F5329520BDE15D046B5771C684872151D299E4203E0790448EAFCF961091099B07E121AE0D6536FBEC4460FC04FC5899C5700F63F64290F20FC015C9707C29F331885AC28DBA836D64113B616C4CE5B1BF3686315CAF4310458D6F34A34495691BCF7F75B7A877E3B3FBB26D1E831750A1BE0B825F9AD7095AD471168FC1AFD7A1FB0F602A76132057607307C21CD4C48F4FFE53A9DF34D8E8F71CEDC2101EBE0AAE46A2A828D45ECBA8F11C3CB8487891B8AF8B1112D63970D69EEB6BAB7AE974E26B28ADDC95BB751D3F8E08247DFCA03D2AC836EE66B72983584530B0755E36C9C6A345E7BC5B5D5C0C57AB001E84A73B92539A9397E85BE14B850A215563B3EE420516EFC3B7B855A1BA72959CD2CAB710A9AB553A765431B4AC8D68604955C9B0D27A231D1A234651B5C9DABF9FBCADF1FFB5133F36BFC80E4BE5468CAD75A06B56D12E45C7E7DDDF5CFF17C75FBAB107A82D92A9D144F3851B467137B69FC52EF43BF9F078E3B8364C41BA2A951345BF06E1BAFD2F7F0377AF479DBE7E0CFCE6E5E5B9E36BE943B3704DE9BB3554B936CF096AEA103BC0E06F815E0FA44AE8EE8EB57430244945EA1759CEA93854A5AED28590211C0AAAE0D5ADA2147F291F0651958F507510898266ACFAB10392A986AAA34250E4544A6B1912A19F62FA2435BAC459868EEBC39523464D5E7B9B2A00C550A80A0E2D74AD0829CA9A47CA3C8A9A076ADCA1E6D18A7ADAA6ECFBBC73BD78626C0F98850F8EEFFE23A11C824429657CA526F491FBE4AE865114ACDC0488C892D1188626ABC63F614B07EB4A29A97118AFDC1858F927D8336A499B54E22A4A1BD4F8FDDCDDE08D37246A724EB66092C4776336CC9BB09B2D5857C0DFD98295DA14526BC039F0400C869E6707E8C1182A72CD437911E71D3A541BCE1DDA929FFC7DB0D77A1741387A74BD75088C19FAC06E08DFCE8560ABBE487021196E5F0DDE68E0938EE044CDD6715A0BD7A0CE7586C9B94D3A20EA54574B10EB396834E29C41F8890C4AC7BA001B28A7D50DDC59FBCEC6FBD90BD43738D4F8F0CFC49D1A08353F6EE9D42C127C15720EEED90F012FE8EADB11338062B31964ACDBA2056134232BF8DB52AAD69AC44BC0B2D20E178A47612EE5109802051A2B32EF647B651683291721DA836E6AC0061E74AD98DB6A2D6665FEB974FD5FB4494176EA8A7F2096D6BB55AC3D76A65F57C3FFE2781ED01876D6FEEDEDA3368EFD19F238CB2F55BED7378090E4D78F41AC79A5A713AD5072F8C83F2EDCF6321CDE92CD8AFD8FAFE5364241933A7B7279E042FE1169D882B08174AC164316E620CA3EA26AF4CD3ABC1B7E9B74FFB0E2815543DF962ED783B49A9A2DDA9CD3E5AB56DC825BB6926646EB36D32374F58E37B781B712C9D7E25E4C79EC2B796D5BF3F3B7EB75DFEE593D637FE1719DADE3D62FD7C068E5A2D38BD651E77DA77D170FCAAA7ACD557570DB77E96A47AB46B8D4A90A6E9DD3B5468B1C5D6B4F62B0515EE87987F7C57ED88BDD9AC798B18F70C193D4869D331A59AD7B2D5DF89A49C1736D74EF10081BB19ED5E1123C01CF0C75D70E0ABDCBA7D29CD1E3E0A42E8D18A1ECCD2B6FD9B685149634E1E4B1AC9DAE7D66B1BBCBFB8ADDED0CC6CC7AFE56CDCDDEF11483961E4FC52DE468B6783CFDCB0E44A9C2A3B8FFE51DDEC6FE97CFF6CA096D389CEACA6F3FFAD54A1CED416A95CA3CFC355839773BCFD1B82629BABC0D3EFED6498CDA3274FCC82328FFCEC2390BEF36E41D37B6CD4CA20BCF7928B2BA95B0F323DCB7D647E7711061DB0EE4E5A4B4B6D1F0C687DAACF70269446A653472D20412F9C8FFFA53BFF7D5F176F0F7318747AAE9F8663EC36D4FCADBDE2CCE7153DE6E4635FDF1FA67DCF4238FFD14CF25B867426DEB112071E8A7A376DBA7C564BA58CE6F46CBD95C95248B1F26E733F89F2A5960D31F8653196594D0CD07D1D4C33872B98FB8909CF6913E9D4DC7AAE81E2E16B3D164B89CCCA6328C2BE13071BBAE87361C44877CB7DBC7D6D56C7A3EFC59155FCB9BF1826C5EC19DDFC6E753BA4385E858FE7033A7DA7F2C6F7F319F90ADFFA362B10C973773B2FD1F2ADADF50B8E1A393695EFA321F8FAFC6D325EEF05F353889726CA8C75129081744A49744FB9CF5657879399E2BB3D6F0F2F3CD952A630DE7CBC9E8726C24F744D61C6D848F8210A458C7C764819928477ED2BC3D0A7CBE9C7D51D605BE929C5B81FEEBF9EC1C6E6BAAAB7A31BE9A4C8773D5457DB318CF654B5A8BB29C21CD2A7919E81DD1787C75BDFCF9F6723255D6FA16E311DAEF6EA1A8BA5125F80FB32BE96263DBA2B1DC2E67704C8BA52AC9F33E8BEBF168723119A94A746ADE7F506115826AF92AE1124BD11F1CFBEB5E6596A9C28A4B78E25F4192BB5B48642806CEFABFE3A65206191BC788FBE23C4C84867B7C74C4530F1E6D0132A2B98E370A7CE417EBFA317F0E76FD95BB75BCAA51301D158FD08804F8136CCD39D802C8EB7E5C855B956F13413AFC10F09798F37D158A4E0704AF94B310951743466371920CDA1F448767847935DA6417D1005AE014111E0F814988C07419494551EA0541D374160AD414021470881AC7D5E20D7E262D70063F5B958FE6F976BA931C49E680D2654E276E31941954AE1702589AC0800676C2A2F074E6A7F1E1BDE12A7D8360E4442B67CD9BECE0F6BBB62565C821B72562489CAB7C33CFC2D4091F71B1A4320E900796168C5004C2AB7396341EB5CD1D49368816584686D743D899E888DF4A0AD3417196D886CE05552EE16C730BF9ED36598544A4CA77F3A8CE4E9884CD74567D94912A32864724137D4667C2548CAA7458E2805562B249C0B5C63C8531AE0CC0C241AF9195211C431B87401132952428E1EED4CDEAC021C4A5749589CE5A4CA223322D1A09D84FB7C51707252D250130327A5645C3104A3A0E3A53E7968A201A694CCADE9D05CA27D2022396D349952B291FC74ED85310FA29639EB238502E1E57872B4BA24715F8DD9E40938FA30586926357EDE040461777CA496A72AE2256D70A3F990939FB7CD595AC2AC5F5E1882A2EFC4C467F792C5A417A1CFAA9CE56D208361E6CC35AB96C242DF0920CB707A19BCB9E3E9451BCF21DC482F0C47BA7EA1C55F57E62FBA2AA62442D305805CE0F475CD1F17332169004D315844F235DD5794A1C7FC70094CBA7AE157BE1F05B603B211D0E42A8C9E26E640C521938C4C7A1E9F05F658C4F35787BE2AC62302DF05505B65546C007D275CB676A7B6755DC94252EDB978DB37C406D32DA416D9BA96724EC13C31E85BB62E6AC8FCAC1B3283F0B1C6BE6A1170993FCA570172066343F1744FD5EE18EC92B6F1CC7D170281C894031EC56012EBDEF130F0ADF9156C040E417F54F2FF1AB3A67461521006C70A90082F64E11805475A9E84C049572000AC95001240F05140129A2282B80E0B833313DC848360612C1DC0538C13395443BF6024C7C5DDF13DF7BB137F678263C83726B58C5D59080477028ABF0D1B356C008FD68148F0CB9F31C356EA1FB5C3D14083DE71A9A3DF91C093F77994F18355C815758BD790BBCC19401D5257C2A8F2454E71D9F783A51AE4F06F4A6BC9E08389920359E2D9FCD9D9F74B9970E3566A99F4E3D1448DD731A627B26897C092AF84B53F1C0A9AB5343245037A74D2E01EE79B8B2BDA04A0EC83C2B4CF781F6240293F65B800CB9CF053D78A1D7454D44081D2E1A47836C61483C09F8215B5810BC1B4193D3962585E471A0727B4E4DA4E2FE9C14F785EA5B82988A1BF326B124CACACB63A8EA0257783326B8C2ADC7372557B72AA836C04A25EB28DC476ADC489AA1A77DE6E17335F2182ABF5053BB52AB8717E9555A932891DDFE0830A37451A47555444C8CB2459420A9EA76A8495C31C9FF780C95DC6E28DC6F1043CF8C07257810DF6834397B692A2B1E0F4AD6772DFB3B3131C23652829F2A8BBB0A40132455AE2615CBB18EEDB83E869A5B487936196CCAC475A783C5EA116C9CACE074009BACC016ADED24DF5194575C39DB2D4AFF50F4CC4A7A8BADB342D6C2DF2FFABDE78DE74767FDC738DE7E1A0CA2047474B47157611005F7F1D12AD80C9C7530F8707CFCC7C1C9C96093C218ACA803056B78C55F8A83D079004C2D3A11AEC1851B46F1B9133B770E0A991EAD375C33D6702B31B8E55FE36DB33C0D732B5CDE07FDCEC297D3A451D9B708232E6FECCE3A5FC0B96D90C91C4D130844B2A02FECBD58399E130A923E8D026FB7F1E5E67B796FF43FDD3F2D51874025C425015115EAF092BC9E249CA440633C4906266A204989C608D8FB076A3455971372B854BA29122655A1314E32E5143546B28287773A60D890BB5EE1B89D913EEC02525A5E8C48D359619308FD9EDDFF86596A14C8DFD6586FA51B811CF3666B2E4DB34043C8CBF4B834619C2014F12851F5F638B4263B6103541D564AD395B4C4424BB8DB3228CD8AD461648FEC9230B2227518C913BB2484A440BD3F7E139784810B351837B933A53856708B5A06013F684B02C185EA7092076B491849817AFFE2E57A124851DADDC64C3C3D41F14C51AC21025187346F0A2307C90A4D78D3602383585469F0144EB848F1152ED55925687B998307177924F00411D5AB4327FB9D0367ED411598862F6EA18B89181EEB6277E56E5DC78F231156D816EA5FB8729EDDCD6E53F205710B1D0E015BE705496E963D8AF23AD0C41817D56B48C5D50A5D7C4D773C3733551A342C22BA29C2C903BD1BDF8605CA5C1D150EE5E66A69DB65F2809280982A0D818F4EB3FC318C28D610D1BBD0E720E1420D81B5715CE6149615692C11278A7E4D320A530B0397AA43FA06EE68204941175BEAF563C0ADF4B448E77CCA6EC78E96B8CF1E9320216445DDA90675848B746C59F21B6A58928438722879EA136A1B94A443695BD0255993F405DDF9ECC7D9DB350BE1A75868A19B15EA2C1F36B730BD92D85A9D33C893BB22ECB2727DAFBCA5FA17278C1161A26540B021E4F5456BBB4B0D2780D15F6ECBF970329D4CBFB4B5E49284CDF4BEA075C8D887E3FC45108E1E5D0F1EDF198EA72ADECD03F5CD03D6ADED594A0AD67CA86937DCFBC3459ADC677FAC7A705C6B37096AC952C566D98E2992BA88A41BD74786DCEE51B8006828758E68AD2111A775DE6334268975F4719864CE7ED7FE0CB53F4BE28E08B5A4E45D490866176C26738B5160B7D17039FE329BFFDCC6AA4D93C2EFD392955D10E508AD733FD420461B5AC4BA8BAE5D06A7C2C7F78A1C1C83A739E1F789C1195CB2D942F61B9DF8AD873DC6689E2D481F93F92325072326CC1D6EA81766A8C31159D1A579934C6A459F70CAD25DC9219ABA1875221E6A3073BE540F86998DBDCF2CB39EE0C25DFBB2DDE6C5BDBD4BF16E94E89ABE6B4520A2C132928458AAECAEB29EFBBA8CAE9DF891BDF843256FCF15AD26C3A531C006CC260A6456E03471B77D6533749396F0032F6EA99A1A5E951C44BA46EF26520C91AED1709601FE4E0C91AED15D6CE94A48D36C0D3D4FB4ECB826EF0B5A7541E3D04393459D6742A9B1B0A55DF775719BEF21EF8EFC8DB0721A296768BAA9C1C2E26EFBCABEFB7692A8A76FBF2F01E11228C2FD0C96812C46536129C8BBBED6E560CFFFC7DC7DAEA031EB2D51946B3839B06FC252CE0E6CA506C6881B2096FA6C9D3AD44BF004184A66453A3B3B9B4892DEE5ABD24C9670D9FB8EDF84B82BD2DA19883B9CFF4E5FDCC9BB3623EEF2EF5D3921E3DA46D7682C723FFA95F3E5CFCADED950910DA9C488069C486450D4E7C5B2CECD70E337CE8BFE9BA607FD3274FCC8E3A84C14BFF3205B4D6758A019914BA22677C3605B727E3D790359822D765717A75CE3D1A3C4880924718A5DE2D3FAA392A61B561A95FC9D2CD9A0D884183C45B9BC186C13CC4F5909FE1BE7C5C8725250C9329229A1D417C954A22C3F069BA4226DD2EFC1B13FB96B94A062F11241E5E60835385AFCDD1B796E12819637B8727CF71EEE34CBE017E09FF53F1C1F7FDFEF0D3DD789D2542659FA8D4F6C3E62A57C1C271F513E0EB0DE0CD8EEFA593D1094285A7B829C1E684DE4BB9F38ADC5E94F80E3AD9CBC65F9A84F076CC7530147A5297377BEFBF71D7051AE68F7DE45DBED74E77948033CEBDF3B5EC46715161E7D5260FE9313AE1E9DF0371BE7F9B7DA90A8837B05C024957405BCE40465014E2A61534048E4C62E9AB1E65858DD5A867D2E83F6C45F83E7B3FEFF24803EF526FF7DCBC0FAAE971CD03EF58E7BFFD41D16B527C967A8443E6A3FD282456E45A5EBA42CA3FD21AC953C8B450AEECE8DF5914CA7AEA81ED72BE402F183D987407F2559A942B1D4D26F01D081919EBF7E7D3D7457DB23A97B5B0B72C4100E7D475B1F0E7D335B1F8EE41AD614E0E12C10E135E61B5B244AD2517999B4ACB6BD46AEE46F26DF18475A3B8A583E2291771C06AC5D80794B5C2D79C1ED9DB3EB7022BEAAACBF5567F7942900D7D70740DE4FD687C25D49D607C55E43DA39EE65F791F587C5DF401AC80E16988939E3DDCA6243AE896F130F42AED1D78F36E45B7E096903D681F181EC26EF203821BD02B44135E216F00D3241C9FD9B1A1FC8AFD0F8B6E28BAD6ABEC1DF3090F7190C2305361FBFE1B6A3350A754A721912BA59C80A483024433757526A1A9DB99ADB3893EDFBC151FDA2401874FDA6B9BEA5A318136D4E0FAADFBB729E2F81FF103F9EF54F3E7C6F8BDC7C02C07752B76C4FB2728A67530CD63FA8962712B430DFC9CA0A982CAFA00548456A416D60CAEB4C90AEEAB52EB4ECD1001B3B7F966CD050E34F120E1AC2C009026D1890933C8136F08393055A18559234B0DBD5D4BCAC25F213D497B6D47B02299868E3781E236D957C12E88704CC801519134CCCB9FCB3010637DDC24702CCBCC2C4CF02D49FB1F81100213C358A16B9FF4D7983CFF76F863A26D1BF0D515664E33439D1E4504C4E579DA8CFC2C44AAF7563B76822B061C8A31239D55FFFD6AF87A9F44D46ABA20074F0173CCA2B4A98DDE97D451DAAB304A56CD5D804AD286C3614A38330DE89F3CBBFD6D59324B3AF4FD1FD395C5299ECEBB379EB67541540FB7844B51E34D3C115D61EE9E2EAA128DCB35AAF5534312F77D51752C4935D560C6AF9BB5D3680A9596015BDA3F227BC6C404BDEF2DA375356F6A8970DF1E560B155D7B660ECF667FFD4B43F8684EC61308371A4204C0691BF2B6630881484053593B80C621D5C4A02C65144770F8D01BF4392CE05851A1F6525573B2F76B79EBB825F3DEB9F70482940D02E352428A68606F93B0E24DC5500B21FBA8E370A7C649C74F9307F78E2F057EED6F1A80930AD14B72A84570C8FAD39075BE023B20AA7A9F2C192687B0C9CD93AAB504005BEEB318228469FA062A20090C44B0B0E850DC4CF82EE0317C8B31BB4C00479FCD46D59A831C104542B8A1BE81A962DD8B9CDFC345AAD375CA5790A464EB472F8B7B392140FB2D1E0E02F72204561337C24C753330C5592E353CC4BA529AD5A612A9CDEA159AE3A3E3A2A9337459209122251FA3AF843924B63AF1904C5C7DD8A5F17210888DDD948FA1585EA3B4F128E4702490B1AA1BFFCE113FBA497E44DE5BF5396DAAF1582E7E12E4CF48B94F4B80149B5A2504B0EE4DDD23C390AF02C7142493A4FEB9C40CD51E57BD54915DBE58B2E370A2D663BD46D428B1BF7639740D180B7882405A0DB8B306098E57619DC0A5CFD2DE8AC254799E4853AF20493142870DD61308BF87149E5EFB4C51B82101DCDF36A856450A2F3A11D505569DBE9B934A16F7B1A629B846E5343542676E71A623E0035812F89746954E86B31DB010B7F0BFCD902BF2033BD1AAF08C2641AE593E47B24A4B4E0D5F0078FCF7DE38DC2B2ADC420A2F88E463944F14EE58079C4F4D2A5552611E75724047F564FC9FDBC4C4B9F5424BC2D4543FABE6087F4262E8B3B217BE679AC2619C42EE28DCA86FC9324305CF66AE483F451E37D921039AB14CEDC5246D0BA89AA10121A1C604950685D31B548F9F2D7945BE5812EED93ED33C45ECB83FD304E5EA76F60ABED23E2C08846F791FC9324305CF66AF611E97BE2FBB48FE4ACD29E394B83F80768D4D2217AE776AD25EAEBFA8A1719922090462505FE2609AD287C35B2428C5BAD6FB5C92FE6971BD6887E60371C5A84EEF4960313BB3D134417846FD110A145FBAE6D1188F7D4F60541F44DA37B42FDCBD3C3D80B0C45515BBCD19E585022F8E18903653A772D0A92EBACF449401989EADF2B754366C37B22FB34CE8383BA5BCF82E77C081B62C048EFB4A0154FFA36F9824742C77C91C76BB5C0176990167E73120B1FE67D488E47B2E74159FFFA7EAF88FAE2FDDBD35726CFFAEBBB00D2360D1D1B8E9637C3CBC9F2678190A03FC2E80EDC87987AD1C710056ECFC71793E9F0F3E5B8F28B78E7E2BE856B445F19CD6EA6CB79F584D2E5C4C14E8B4580E733854117467E1E32AE12421F2F6637F351F5175267750E7A5A2C827C3999FE5409B5F06FE520175522E857E3E9CDED6439BEAAFC04CEABCF7FA2A8127DE22F37E3C572329B567E81C8D8CE7F83AC147DE5EB6C34FC7C733954601D26408DFB14532FFADA8FB3C93451E3337783CA4F260E68FC979262D107D29AAA25868D89FC1AC355C245866B2BBE902A251CF4B4580439ADA9809AE18C039B958BE0AAA119DFA370A0718D0838AEAC008F8DAE1C785C23028F2B2BC017E7760E7E5125FA40515BB50B247A002FFC936299CCE7A0D28F31970722F788C6ECF22A7DE39AF7B3C093917003D547B8C6054F72736A153DB91A13CF026F15262E7E469BD3E388B18BC8D1D1B425A1A68269AB04A5965940C8F9D33525886037F2A47B51683C7D5950A460FE4AF193D611C06995497FA2D4180574D89F60E2257181B4DD83D9C69291CAB628AA27A94C25BDD202E3A9C902DC0493548A85A306CDEA6AC9C08BC292E9D2B16F0ABD4DA65EC9D72AD15ED6D95A0B7975A4B95E949248CA1BC439594717A977A6DB8048AFAC89A674279160409430C16C6B6B722A6562AC2478C592186B6A6A35A3300438B011CF619DB9B5105E037D9A410902B499843558471779964BBA0ACF6A260AB0867F7EA97A5CD7CFDF3ACA144F1E4648C3D6B0328C482E59449747E45AC8CB3A99622DDF6C0116CC7DBCADF3056367487ACB8C08F51147782A97A045E6CF5CFF38D4C1542B954D05CFDD03A3722D97530166CC5D57AD238EB19325BD6546B0FA882BD3D9CA9D342DA96DCD4EB3A6ABA10019369C16ADF3086BEC4CBA4B0D9906E8939D524A5CF30C4F2AAD4DAD447528F745B3A239343D4D4D7F2A01124C3CB2AC33BC121FD545530927C85D8FAC704153D3225C6864072B81838DFE81A73D1AA557D3120289DC28386F1252770B1A66B73C052DF66EC075A783F4A6282B807FC641E83C80AB600DBC28293D1DCC21E7B89B3479EDE93988DC8702C42984E98315E54D81DB4CFCFB2077EA60469437619F8D02B1B376626718C6EEBDB38A61F50A4411147EFDDE57C7DBA143CEE60EAC27FE6C176F77319C32D8DC79145B23E790B2EF9F0EB8319FCE929CCB918D29C061BAE8CD82998F9EA05CE3715F0852034B4020AF932F0096A7B4444F7D8187170C699AA4BC560194A10F3BCB2CC1668BDE0F8F66FEC2790275C60639FC123C38AB1758FEE426F9AE6540AA0941A3FDF4DC751E42671365308AFEF04FC8C3EBCDF39FFE1F73D51D47136E0100, N'6.1.3-40302')


/* COUNTRY */
INSERT INTO [dbo].[COUNTRY] ([Id], [Name], [Path], [CreatedDate], [UpdatedDate]) VALUES (N'6f82e7ba-215f-4941-9b4c-04a348b5e565', N'Kyrgyzstán', N'/Content/images/flags/kyrgyzstan.jpg', CURRENT_TIMESTAMP, CURRENT_TIMESTAMP)
INSERT INTO [dbo].[COUNTRY] ([Id], [Name], [Path], [CreatedDate], [UpdatedDate]) VALUES (N'602e29a2-419b-4839-b907-04bba294e76b', N'Argentina', N'/Content/images/flags/argentina.jpg', CURRENT_TIMESTAMP, CURRENT_TIMESTAMP)
INSERT INTO [dbo].[COUNTRY] ([Id], [Name], [Path], [CreatedDate], [UpdatedDate]) VALUES (N'c7bcc0b6-e811-4b4c-adde-08b6dcad1986', N'Lotyšsko', N'/Content/images/flags/lithuania.jpg', CURRENT_TIMESTAMP, CURRENT_TIMESTAMP)
INSERT INTO [dbo].[COUNTRY] ([Id], [Name], [Path], [CreatedDate], [UpdatedDate]) VALUES (N'de56d6a6-154b-4116-9762-1a40ab697fdb', N'Malta', N'/Content/images/flags/malta.jpg', CURRENT_TIMESTAMP, CURRENT_TIMESTAMP)
INSERT INTO [dbo].[COUNTRY] ([Id], [Name], [Path], [CreatedDate], [UpdatedDate]) VALUES (N'7e3a5eb8-56f4-4f40-9fc0-1c7e5a844688', N'Bulharsko', N'/Content/images/flags/bulgaria.jpg', CURRENT_TIMESTAMP, CURRENT_TIMESTAMP)
INSERT INTO [dbo].[COUNTRY] ([Id], [Name], [Path], [CreatedDate], [UpdatedDate]) VALUES (N'd3258a34-4975-46c8-91de-2ebe62df6c52', N'Lichtenštejnsko', N'/Content/images/flags/lichtenstein.jpg', CURRENT_TIMESTAMP, CURRENT_TIMESTAMP)
INSERT INTO [dbo].[COUNTRY] ([Id], [Name], [Path], [CreatedDate], [UpdatedDate]) VALUES (N'3caf8fda-cce3-4de2-b73f-3197dfe2c53d', N'Německo', N'/Content/images/flags/germany.jpg', CURRENT_TIMESTAMP, CURRENT_TIMESTAMP)
INSERT INTO [dbo].[COUNTRY] ([Id], [Name], [Path], [CreatedDate], [UpdatedDate]) VALUES (N'e4b923da-ccca-4766-bd8d-3b0fb0585d72', N'Rusko', N'/Content/images/flags/russia.jpg', CURRENT_TIMESTAMP, CURRENT_TIMESTAMP)
INSERT INTO [dbo].[COUNTRY] ([Id], [Name], [Path], [CreatedDate], [UpdatedDate]) VALUES (N'de821109-29bc-436a-bfdf-45c1f88260ef', N'Maďarsko', N'/Content/images/flags/hungary.jpg', CURRENT_TIMESTAMP, CURRENT_TIMESTAMP)
INSERT INTO [dbo].[COUNTRY] ([Id], [Name], [Path], [CreatedDate], [UpdatedDate]) VALUES (N'b0970056-0507-45c6-92fb-510d4ec3b723', N'San Marino', N'/Content/images/flags/sanmarino.jpg', CURRENT_TIMESTAMP, CURRENT_TIMESTAMP)
INSERT INTO [dbo].[COUNTRY] ([Id], [Name], [Path], [CreatedDate], [UpdatedDate]) VALUES (N'7439b126-a1c2-4b72-ab81-5199efdd7835', N'Rakousko', N'/Content/images/flags/austria.jpg', CURRENT_TIMESTAMP, CURRENT_TIMESTAMP)
INSERT INTO [dbo].[COUNTRY] ([Id], [Name], [Path], [CreatedDate], [UpdatedDate]) VALUES (N'ff86cefd-f537-4581-93c0-60c54f434533', N'Srbsko', N'/Content/images/flags/serbia.jpg', CURRENT_TIMESTAMP, CURRENT_TIMESTAMP)
INSERT INTO [dbo].[COUNTRY] ([Id], [Name], [Path], [CreatedDate], [UpdatedDate]) VALUES (N'00d09974-4061-4084-9e5c-65d666890eda', N'Andora', N'/Content/images/flags/andorra.jpg', CURRENT_TIMESTAMP, CURRENT_TIMESTAMP)
INSERT INTO [dbo].[COUNTRY] ([Id], [Name], [Path], [CreatedDate], [UpdatedDate]) VALUES (N'e0bde086-9dda-414c-8bea-7649013e6488', N'Slovinsko', N'/Content/images/flags/slovenia.jpg', CURRENT_TIMESTAMP, CURRENT_TIMESTAMP)
INSERT INTO [dbo].[COUNTRY] ([Id], [Name], [Path], [CreatedDate], [UpdatedDate]) VALUES (N'ca758cdb-be74-492a-b821-7b1b7dfbb5a2', N'Norsko', N'/Content/images/flags/norway.jpg', CURRENT_TIMESTAMP, CURRENT_TIMESTAMP)
INSERT INTO [dbo].[COUNTRY] ([Id], [Name], [Path], [CreatedDate], [UpdatedDate]) VALUES (N'a72a85b7-0801-4c79-97c2-7cc96c254bf7', N'Nizozemí', N'/Content/images/flags/netherlands.jpg', CURRENT_TIMESTAMP, CURRENT_TIMESTAMP)
INSERT INTO [dbo].[COUNTRY] ([Id], [Name], [Path], [CreatedDate], [UpdatedDate]) VALUES (N'd3371d82-36c2-4b6c-a0e5-7d6decd259fa', N'Velká Británie', N'/Content/images/flags/gb.jpg', CURRENT_TIMESTAMP, CURRENT_TIMESTAMP)
INSERT INTO [dbo].[COUNTRY] ([Id], [Name], [Path], [CreatedDate], [UpdatedDate]) VALUES (N'14024a38-1e56-481f-ad5e-7ec7e35d4dfd', N'Lucembursko', N'/Content/images/flags/luxembourg.jpg', CURRENT_TIMESTAMP, CURRENT_TIMESTAMP)
INSERT INTO [dbo].[COUNTRY] ([Id], [Name], [Path], [CreatedDate], [UpdatedDate]) VALUES (N'446e64f9-7743-4528-ad09-832d0731e79f', N'Švédsko', N'/Content/images/flags/sweden.jpg', CURRENT_TIMESTAMP, CURRENT_TIMESTAMP)
INSERT INTO [dbo].[COUNTRY] ([Id], [Name], [Path], [CreatedDate], [UpdatedDate]) VALUES (N'0b51bbaf-ef8e-4ae1-8c73-860751bddaaa', N'Japonsko', N'/Content/images/flags/japan.jpg', CURRENT_TIMESTAMP, CURRENT_TIMESTAMP)
INSERT INTO [dbo].[COUNTRY] ([Id], [Name], [Path], [CreatedDate], [UpdatedDate]) VALUES (N'df03a970-ba3c-48d1-a900-8935f88d0d16', N'Estonsko', N'/Content/images/flags/estonia.jpg', CURRENT_TIMESTAMP, CURRENT_TIMESTAMP)
INSERT INTO [dbo].[COUNTRY] ([Id], [Name], [Path], [CreatedDate], [UpdatedDate]) VALUES (N'77f68949-6edf-437d-926c-8ee0fbdcb669', N'Egypt', N'/Content/images/flags/egypt.jpg', CURRENT_TIMESTAMP, CURRENT_TIMESTAMP)
INSERT INTO [dbo].[COUNTRY] ([Id], [Name], [Path], [CreatedDate], [UpdatedDate]) VALUES (N'10a7b4a0-1b77-45a8-923a-915e559fe62a', N'Bělorusko', N'/Content/images/flags/belarus.jpg', CURRENT_TIMESTAMP, CURRENT_TIMESTAMP)
INSERT INTO [dbo].[COUNTRY] ([Id], [Name], [Path], [CreatedDate], [UpdatedDate]) VALUES (N'e6f655b4-8d88-486b-abeb-91b57cd0eee5', N'Turecko', N'/Content/images/flags/turkey.jpg', CURRENT_TIMESTAMP, CURRENT_TIMESTAMP)
INSERT INTO [dbo].[COUNTRY] ([Id], [Name], [Path], [CreatedDate], [UpdatedDate]) VALUES (N'c22de903-3964-41dc-9778-97499e46f07c', N'Švýcarsko', N'/Content/images/flags/switzerland.jpg', CURRENT_TIMESTAMP, CURRENT_TIMESTAMP)
INSERT INTO [dbo].[COUNTRY] ([Id], [Name], [Path], [CreatedDate], [UpdatedDate]) VALUES (N'56c6f73f-17d3-41c6-b0af-9b2252239866', N'Chorvatsko', N'/Content/images/flags/croatia.jpg', CURRENT_TIMESTAMP, CURRENT_TIMESTAMP)
INSERT INTO [dbo].[COUNTRY] ([Id], [Name], [Path], [CreatedDate], [UpdatedDate]) VALUES (N'2cde72c6-bae9-45d4-a7e1-9dabd7922ca6', N'Portugalsko', N'/Content/images/flags/portugal.jpg', CURRENT_TIMESTAMP, CURRENT_TIMESTAMP)
INSERT INTO [dbo].[COUNTRY] ([Id], [Name], [Path], [CreatedDate], [UpdatedDate]) VALUES (N'f5d811f1-1949-4f64-904d-9ef7d2b68596', N'Francie', N'/Content/images/flags/france.jpg', CURRENT_TIMESTAMP, CURRENT_TIMESTAMP)
INSERT INTO [dbo].[COUNTRY] ([Id], [Name], [Path], [CreatedDate], [UpdatedDate]) VALUES (N'd7dcf43d-69d8-4654-b945-a0df4b633afc', N'Litva', N'/Content/images/flags/latvia.jpg', CURRENT_TIMESTAMP, CURRENT_TIMESTAMP)
INSERT INTO [dbo].[COUNTRY] ([Id], [Name], [Path], [CreatedDate], [UpdatedDate]) VALUES (N'9f72d5f2-75ee-4d27-9605-a806f96bd54d', N'Řecko', N'/Content/images/flags/greece.jpg', CURRENT_TIMESTAMP, CURRENT_TIMESTAMP)
INSERT INTO [dbo].[COUNTRY] ([Id], [Name], [Path], [CreatedDate], [UpdatedDate]) VALUES (N'05c1f542-6337-4783-98f4-ad3c01ad8668', N'USA', N'/Content/images/flags/usa.jpg', CURRENT_TIMESTAMP, CURRENT_TIMESTAMP)
INSERT INTO [dbo].[COUNTRY] ([Id], [Name], [Path], [CreatedDate], [UpdatedDate]) VALUES (N'ae019609-99e0-4ef5-85bb-ad90dc302e70', N'Albánie', N'/Content/images/flags/albania.jpg', CURRENT_TIMESTAMP, CURRENT_TIMESTAMP)
INSERT INTO [dbo].[COUNTRY] ([Id], [Name], [Path], [CreatedDate], [UpdatedDate]) VALUES (N'3fa0fc96-1c01-4b6c-8b9b-ae4e9d927a41', N'Dánsko', N'/Content/images/flags/denmark.jpg', CURRENT_TIMESTAMP, CURRENT_TIMESTAMP)
INSERT INTO [dbo].[COUNTRY] ([Id], [Name], [Path], [CreatedDate], [UpdatedDate]) VALUES (N'8f204c4d-a622-418d-9dc4-b7a83c31b69b', N'Finsko', N'/Content/images/flags/finland.jpg', CURRENT_TIMESTAMP, CURRENT_TIMESTAMP)
INSERT INTO [dbo].[COUNTRY] ([Id], [Name], [Path], [CreatedDate], [UpdatedDate]) VALUES (N'e03e4291-0dae-4ce6-87a5-c95703fc0105', N'Španělsko', N'/Content/images/flags/spain.jpg', CURRENT_TIMESTAMP, CURRENT_TIMESTAMP)
INSERT INTO [dbo].[COUNTRY] ([Id], [Name], [Path], [CreatedDate], [UpdatedDate]) VALUES (N'a44cb139-96da-4509-a38a-cc1c67df8062', N'Polsko', N'/Content/images/flags/poland.jpg', CURRENT_TIMESTAMP, CURRENT_TIMESTAMP)
INSERT INTO [dbo].[COUNTRY] ([Id], [Name], [Path], [CreatedDate], [UpdatedDate]) VALUES (N'cedb61bc-9489-49c4-a48d-d88734d057b1', N'Arménie', N'/Content/images/flags/armenia.jpg', CURRENT_TIMESTAMP, CURRENT_TIMESTAMP)
INSERT INTO [dbo].[COUNTRY] ([Id], [Name], [Path], [CreatedDate], [UpdatedDate]) VALUES (N'f3d05d32-f496-432e-ba2f-d8b95a2a343c', N'Austrálie', N'/Content/images/flags/australia.jpg', CURRENT_TIMESTAMP, CURRENT_TIMESTAMP)
INSERT INTO [dbo].[COUNTRY] ([Id], [Name], [Path], [CreatedDate], [UpdatedDate]) VALUES (N'be77d63c-b3db-41e3-a234-ddaedf06bf87', N'Kanada', N'/Content/images/flags/canada.jpg', CURRENT_TIMESTAMP, CURRENT_TIMESTAMP)
INSERT INTO [dbo].[COUNTRY] ([Id], [Name], [Path], [CreatedDate], [UpdatedDate]) VALUES (N'8698e3b5-bb52-42a7-9274-df58745eba50', N'Čína', N'/Content/images/flags/china.jpg', CURRENT_TIMESTAMP, CURRENT_TIMESTAMP)
INSERT INTO [dbo].[COUNTRY] ([Id], [Name], [Path], [CreatedDate], [UpdatedDate]) VALUES (N'69ee91d6-871d-494f-abbe-ea5133d82eff', N'Itálie', N'/Content/images/flags/italy.jpg', CURRENT_TIMESTAMP, CURRENT_TIMESTAMP)
INSERT INTO [dbo].[COUNTRY] ([Id], [Name], [Path], [CreatedDate], [UpdatedDate]) VALUES (N'46d55baa-c6f3-4605-be83-edc54c32d5c4', N'Ukrajina', N'/Content/images/flags/ukraine.jpg', CURRENT_TIMESTAMP, CURRENT_TIMESTAMP)
INSERT INTO [dbo].[COUNTRY] ([Id], [Name], [Path], [CreatedDate], [UpdatedDate]) VALUES (N'6f937d0b-0400-4555-91e4-f0dd15fe3aee', N'Irsko', N'/Content/images/flags/ireland.jpg', CURRENT_TIMESTAMP, CURRENT_TIMESTAMP)
INSERT INTO [dbo].[COUNTRY] ([Id], [Name], [Path], [CreatedDate], [UpdatedDate]) VALUES (N'bd6172c6-3338-4d89-bbc6-f5e0ea517d30', N'Česká republika', N'/Content/images/flags/czech.jpg', CURRENT_TIMESTAMP, CURRENT_TIMESTAMP)
INSERT INTO [dbo].[COUNTRY] ([Id], [Name], [Path], [CreatedDate], [UpdatedDate]) VALUES (N'885ce4ce-f93f-41b1-acfb-f76dfb9149f0', N'Belgie', N'/Content/images/flags/belgium.jpg', CURRENT_TIMESTAMP, CURRENT_TIMESTAMP)
INSERT INTO [dbo].[COUNTRY] ([Id], [Name], [Path], [CreatedDate], [UpdatedDate]) VALUES (N'072faa93-a9eb-452a-95fe-fcbdef86e5c8', N'Jordánsko', N'/Content/images/flags/jordan.jpg', CURRENT_TIMESTAMP, CURRENT_TIMESTAMP)
INSERT INTO [dbo].[COUNTRY] ([Id], [Name], [Path], [CreatedDate], [UpdatedDate]) VALUES (N'187035dc-268a-4516-9bbb-fd3eb357a994', N'Kuba', N'/Content/images/flags/cuba.jpg', CURRENT_TIMESTAMP, CURRENT_TIMESTAMP)
INSERT INTO [dbo].[COUNTRY] ([Id], [Name], [Path], [CreatedDate], [UpdatedDate]) VALUES (N'90a2d75e-02fd-4b43-bbab-ff83dad99869', N'Island', N'/Content/images/flags/iceland.jpg', CURRENT_TIMESTAMP, CURRENT_TIMESTAMP)
INSERT INTO [dbo].[COUNTRY] ([Id], [Name], [Path], [CreatedDate], [UpdatedDate]) VALUES (N'f5de4df3-2be6-4323-99de-ff97048c3dcf', N'Slovensko', N'/Content/images/flags/slovakia.jpg', CURRENT_TIMESTAMP, CURRENT_TIMESTAMP)


/* ROLE */
INSERT INTO [dbo].[ROLE] ([Id], [Name], [DojoCreation], [UserCreation], [RoleCreation], [MenuCreation], [CreateUpdateDeleteAll], [CreatedDate], [UpdatedDate]) VALUES(N'90cfe19d-7bdc-49d1-bf6c-a5358506d99e', N'SuperAdmin', 1, 1, 1, 1, 1, CURRENT_TIMESTAMP, CURRENT_TIMESTAMP)


/* DOJO */
INSERT INTO [dbo].[USER_DEFINABLE] ([Id], [Public], [CreatedDate], [UpdatedDate]) VALUES(N'698cf350-8882-43c9-97e4-4da63b6262b9', 1, CURRENT_TIMESTAMP, CURRENT_TIMESTAMP)
INSERT INTO [dbo].[DOJO] ([Id], [Name], [Description], [BuiltIn], [OrganizationType], [CivicAssociationRegistration], [Ic], [Email], [Facebook]) VALUES (N'698cf350-8882-43c9-97e4-4da63b6262b9', N'Bujinkan Czech Dojo', NULL, 1, 1, N'L 8273 vedená u Městského soudu v Praze', N'72086874', N'office@bujinkan.cz', N'https://www.facebook.com/BujinkanCzechDojo')


/* USER */
INSERT INTO [dbo].[USER_DEFINABLE] ([Id], [Public], [CreatedDate], [UpdatedDate]) VALUES(N'1783fb6f-8b1c-4250-9500-ebfe43630e38', 1, CURRENT_TIMESTAMP, CURRENT_TIMESTAMP)
INSERT INTO [dbo].[USER] ([Id], [BujinkanTitle], [FirstName], [Surname], [RoleId], [Email], [Description], [Password], [CountryId], [Order], [DojoId]) VALUES (N'1783fb6f-8b1c-4250-9500-ebfe43630e38', 1, N'Jaromír', N'Krpec', N'90cfe19d-7bdc-49d1-bf6c-a5358506d99e', N'krpec.jaromir@seznam.cz', NULL, N'1000:kuRr/u5EQZuW7efGctOXAH4XHgRVw+bM:bdtUlqOfAdedpjBBvgCWH2392dAjd/aA', N'bd6172c6-3338-4d89-bbc6-f5e0ea517d30', 1, N'698cf350-8882-43c9-97e4-4da63b6262b9')


/* BLOG CATEGORY */
INSERT INTO [dbo].[USER_DEFINABLE] ([Id], [Public], [CreatedDate], [UpdatedDate]) VALUES(N'f0b1e165-5cbd-4ba0-9d4c-0e65c6598928', 1, CURRENT_TIMESTAMP, CURRENT_TIMESTAMP)
INSERT INTO [dbo].[CATEGORY] ([Id], [Name], [BuiltIn], [Discriminator]) VALUES(N'f0b1e165-5cbd-4ba0-9d4c-0e65c6598928', N'Samostatný článek', 1, N'BLOG')
INSERT INTO [dbo].[USER_DEFINABLE] ([Id], [Public], [CreatedDate], [UpdatedDate]) VALUES(N'3934e7af-25fc-4b2c-9e22-4f9a8ac472d5', 1, CURRENT_TIMESTAMP, CURRENT_TIMESTAMP)
INSERT INTO [dbo].[CATEGORY] ([Id], [Name], [BuiltIn], [Discriminator]) VALUES(N'3934e7af-25fc-4b2c-9e22-4f9a8ac472d5', N'Příběhy studentů', 1, N'BLOG')
INSERT INTO [dbo].[USER_DEFINABLE] ([Id], [Public], [CreatedDate], [UpdatedDate]) VALUES(N'c4b10004-89fd-4f1e-9e09-ecb594b79e0f', 1, CURRENT_TIMESTAMP, CURRENT_TIMESTAMP)
INSERT INTO [dbo].[CATEGORY] ([Id], [Name], [BuiltIn], [Discriminator]) VALUES(N'c4b10004-89fd-4f1e-9e09-ecb594b79e0f', N'Ohlasy dětí', 1, N'BLOG')


/* BLOG */
INSERT INTO [dbo].[USER_DEFINABLE] ([Id], [UserCreatorId], [Public], [CreatedDate], [UpdatedDate]) VALUES(N'41ad32ed-a857-43a1-b181-f65ad07f80fc', N'1783fb6f-8b1c-4250-9500-ebfe43630e38', 1, CURRENT_TIMESTAMP, CURRENT_TIMESTAMP)
INSERT INTO [dbo].[BLOG] ([Id], [Name], [Description], [BuiltIn], [CategoryId]) VALUES(N'41ad32ed-a857-43a1-b181-f65ad07f80fc', N'Je Bujinkan pro Vás', N'-', 1, N'f0b1e165-5cbd-4ba0-9d4c-0e65c6598928')


INSERT INTO [dbo].[USER_DEFINABLE] ([Id], [UserCreatorId], [Public], [CreatedDate], [UpdatedDate]) VALUES(N'c18f2a11-f593-44b5-9cd2-8dfc4eefa74b', N'1783fb6f-8b1c-4250-9500-ebfe43630e38', 1, CURRENT_TIMESTAMP, CURRENT_TIMESTAMP)
INSERT INTO [dbo].[BLOG] ([Id], [Name], [Description], [BuiltIn], [CategoryId]) VALUES(N'c18f2a11-f593-44b5-9cd2-8dfc4eefa74b', N'Historie a vývoj Bujinkanu', N'-', 1, N'f0b1e165-5cbd-4ba0-9d4c-0e65c6598928')


INSERT INTO [dbo].[USER_DEFINABLE] ([Id], [UserCreatorId], [Public], [CreatedDate], [UpdatedDate]) VALUES(N'5ef11f5f-c5f3-4eef-a993-60bc8674961c', N'1783fb6f-8b1c-4250-9500-ebfe43630e38', 1, CURRENT_TIMESTAMP, CURRENT_TIMESTAMP)
INSERT INTO [dbo].[BLOG] ([Id], [Name], [Description], [BuiltIn], [CategoryId]) VALUES(N'5ef11f5f-c5f3-4eef-a993-60bc8674961c', N'Soké Masaaki Hatsumi', N'-', 1, N'f0b1e165-5cbd-4ba0-9d4c-0e65c6598928')


INSERT INTO [dbo].[USER_DEFINABLE] ([Id], [UserCreatorId], [Public], [CreatedDate], [UpdatedDate]) VALUES(N'663f5037-f984-4af5-a9d0-74af5a73ba04', N'1783fb6f-8b1c-4250-9500-ebfe43630e38', 1, CURRENT_TIMESTAMP, CURRENT_TIMESTAMP)
INSERT INTO [dbo].[BLOG] ([Id], [Name], [Description], [BuiltIn], [CategoryId]) VALUES(N'663f5037-f984-4af5-a9d0-74af5a73ba04', N'Než půjdu na trénink', N'-', 1, N'f0b1e165-5cbd-4ba0-9d4c-0e65c6598928')


INSERT INTO [dbo].[USER_DEFINABLE] ([Id], [UserCreatorId], [Public], [CreatedDate], [UpdatedDate]) VALUES(N'd5c0fa84-dcb5-44f2-a2f9-4d4ffdd69db7', N'1783fb6f-8b1c-4250-9500-ebfe43630e38', 1, CURRENT_TIMESTAMP, CURRENT_TIMESTAMP)
INSERT INTO [dbo].[BLOG] ([Id], [Name], [Description], [BuiltIn], [CategoryId]) VALUES(N'd5c0fa84-dcb5-44f2-a2f9-4d4ffdd69db7', N'Náplň tréninku', N'-', 1, N'f0b1e165-5cbd-4ba0-9d4c-0e65c6598928')

INSERT INTO [dbo].[USER_DEFINABLE] ([Id], [UserCreatorId], [Public], [CreatedDate], [UpdatedDate]) VALUES(N'6d47e299-03a9-4013-b6c1-32c7c6bfa215', N'1783fb6f-8b1c-4250-9500-ebfe43630e38', 1, CURRENT_TIMESTAMP, CURRENT_TIMESTAMP)
INSERT INTO [dbo].[BLOG] ([Id], [Name], [Description], [BuiltIn], [CategoryId]) VALUES(N'6d47e299-03a9-4013-b6c1-32c7c6bfa215', N'Uplatnění v oborech', N'-', 1, N'f0b1e165-5cbd-4ba0-9d4c-0e65c6598928')

INSERT INTO [dbo].[USER_DEFINABLE] ([Id], [UserCreatorId], [Public], [CreatedDate], [UpdatedDate]) VALUES(N'2d06106c-a6ff-4221-8d62-fb2698080682', N'1783fb6f-8b1c-4250-9500-ebfe43630e38', 1, CURRENT_TIMESTAMP, CURRENT_TIMESTAMP)
INSERT INTO [dbo].[BLOG] ([Id], [Name], [Description], [BuiltIn], [CategoryId]) VALUES(N'2d06106c-a6ff-4221-8d62-fb2698080682', N'Pravidla', N'-', 1, N'f0b1e165-5cbd-4ba0-9d4c-0e65c6598928')


INSERT INTO [dbo].[USER_DEFINABLE] ([Id], [UserCreatorId], [Public], [CreatedDate], [UpdatedDate]) VALUES(N'b8c2df14-316d-4bbc-b13b-6e2b4dd9b42e', N'1783fb6f-8b1c-4250-9500-ebfe43630e38', 1, CURRENT_TIMESTAMP, CURRENT_TIMESTAMP)
INSERT INTO [dbo].[BLOG] ([Id], [Name], [Description], [BuiltIn], [CategoryId]) VALUES(N'b8c2df14-316d-4bbc-b13b-6e2b4dd9b42e', N'Informace pro rodiče', N'-', 1, N'f0b1e165-5cbd-4ba0-9d4c-0e65c6598928')

INSERT INTO [dbo].[USER_DEFINABLE] ([Id], [UserCreatorId], [Public], [CreatedDate], [UpdatedDate]) VALUES(N'025ad244-0c02-477d-b40d-18d1e92025e5', N'1783fb6f-8b1c-4250-9500-ebfe43630e38', 1, CURRENT_TIMESTAMP, CURRENT_TIMESTAMP)
INSERT INTO [dbo].[BLOG] ([Id], [Name], [Description], [BuiltIn], [CategoryId]) VALUES(N'025ad244-0c02-477d-b40d-18d1e92025e5', N'Co bude dítě potřebovat', N'-', 1, N'f0b1e165-5cbd-4ba0-9d4c-0e65c6598928')


INSERT INTO [dbo].[USER_DEFINABLE] ([Id], [UserCreatorId], [Public], [CreatedDate], [UpdatedDate]) VALUES(N'da965e9e-a8e4-46e7-b3f9-9bb44de7fbd1', N'1783fb6f-8b1c-4250-9500-ebfe43630e38', 1, CURRENT_TIMESTAMP, CURRENT_TIMESTAMP)
INSERT INTO [dbo].[BLOG] ([Id], [Name], [Description], [BuiltIn], [CategoryId]) VALUES(N'da965e9e-a8e4-46e7-b3f9-9bb44de7fbd1', N'Sponzorství', N'-', 1, N'f0b1e165-5cbd-4ba0-9d4c-0e65c6598928')

INSERT INTO [dbo].[USER_DEFINABLE] ([Id], [UserCreatorId], [Public], [CreatedDate], [UpdatedDate]) VALUES(N'3c1f8aa4-f254-4619-9b2b-3e83ac38f16b', N'1783fb6f-8b1c-4250-9500-ebfe43630e38', 1, CURRENT_TIMESTAMP, CURRENT_TIMESTAMP)
INSERT INTO [dbo].[BLOG] ([Id], [Name], [Description], [BuiltIn], [CategoryId]) VALUES(N'3c1f8aa4-f254-4619-9b2b-3e83ac38f16b', N'Studium v Japonsku', N'-', 1, N'f0b1e165-5cbd-4ba0-9d4c-0e65c6598928')

INSERT INTO [dbo].[USER_DEFINABLE] ([Id], [UserCreatorId], [Public], [CreatedDate], [UpdatedDate]) VALUES(N'22942bfc-a8a6-4b7f-b523-aa1b48cea028', N'1783fb6f-8b1c-4250-9500-ebfe43630e38', 1, CURRENT_TIMESTAMP, CURRENT_TIMESTAMP)
INSERT INTO [dbo].[BLOG] ([Id], [Name], [Description], [BuiltIn], [CategoryId]) VALUES(N'22942bfc-a8a6-4b7f-b523-aa1b48cea028', N'Jissen', N'-', 1, N'f0b1e165-5cbd-4ba0-9d4c-0e65c6598928')

INSERT INTO [dbo].[USER_DEFINABLE] ([Id], [UserCreatorId], [Public], [CreatedDate], [UpdatedDate]) VALUES(N'8f7a9387-edaa-4236-b1e3-0fc1e5fde907}', N'1783fb6f-8b1c-4250-9500-ebfe43630e38', 1, CURRENT_TIMESTAMP, CURRENT_TIMESTAMP)
INSERT INTO [dbo].[BLOG] ([Id], [Name], [Description], [BuiltIn], [CategoryId]) VALUES(N'8f7a9387-edaa-4236-b1e3-0fc1e5fde907', N'Rentaikai', N'-', 1, N'f0b1e165-5cbd-4ba0-9d4c-0e65c6598928')


INSERT INTO [dbo].[USER_DEFINABLE] ([Id], [UserCreatorId], [Public], [CreatedDate], [UpdatedDate]) VALUES(N'deafe0e0-5747-4dc1-854a-e6279a8b16bd', N'1783fb6f-8b1c-4250-9500-ebfe43630e38', 1, CURRENT_TIMESTAMP, CURRENT_TIMESTAMP)
INSERT INTO [dbo].[BLOG] ([Id], [Name], [Description], [BuiltIn], [CategoryId]) VALUES(N'deafe0e0-5747-4dc1-854a-e6279a8b16bd', N'Umění nebo sport?', N'-', 1, N'f0b1e165-5cbd-4ba0-9d4c-0e65c6598928')

INSERT INTO [dbo].[USER_DEFINABLE] ([Id], [UserCreatorId], [Public], [CreatedDate], [UpdatedDate]) VALUES(N'c2d1525c-2a26-45c8-abe9-5c5c37104f0d', N'1783fb6f-8b1c-4250-9500-ebfe43630e38', 1, CURRENT_TIMESTAMP, CURRENT_TIMESTAMP)
INSERT INTO [dbo].[BLOG] ([Id], [Name], [Description], [BuiltIn], [CategoryId]) VALUES(N'c2d1525c-2a26-45c8-abe9-5c5c37104f0d', N'Typy bojových umění', N'-', 1, N'f0b1e165-5cbd-4ba0-9d4c-0e65c6598928')

INSERT INTO [dbo].[USER_DEFINABLE] ([Id], [UserCreatorId], [Public], [CreatedDate], [UpdatedDate]) VALUES(N'da10a6b0-f735-4e17-9928-6571c230be06', N'1783fb6f-8b1c-4250-9500-ebfe43630e38', 1, CURRENT_TIMESTAMP, CURRENT_TIMESTAMP)
INSERT INTO [dbo].[BLOG] ([Id], [Name], [Description], [BuiltIn], [CategoryId]) VALUES(N'da10a6b0-f735-4e17-9928-6571c230be06', N'Specifika bujinkanu', N'-', 1, N'f0b1e165-5cbd-4ba0-9d4c-0e65c6598928')


INSERT INTO [dbo].[USER_DEFINABLE] ([Id], [UserCreatorId], [Public], [CreatedDate], [UpdatedDate]) VALUES(N'1ec3b993-c94c-4be7-aa4a-bc0067892fb3', N'1783fb6f-8b1c-4250-9500-ebfe43630e38', 1, CURRENT_TIMESTAMP, CURRENT_TIMESTAMP)
INSERT INTO [dbo].[BLOG] ([Id], [Name], [Description], [BuiltIn], [CategoryId]) VALUES(N'1ec3b993-c94c-4be7-aa4a-bc0067892fb3', N' O Bujinkan Czech Dojo', N'-', 1, N'f0b1e165-5cbd-4ba0-9d4c-0e65c6598928')

/* MENU ITEM */


/* TODO CHECK */
INSERT INTO [dbo].[MENU_ITEM] ([Id], [Name], [Url], [BuiltIn], [Order], [EntityType], [AssociationType], [Level], [ParentMenuItemId], [UserDefinableId], [CreatedDate], [UpdatedDate]) VALUES ('aa9672f1-8e99-4114-b7b3-68a1da3968fd', N'Úvod', N'/home', 0, 1, 0, 2, 0, NULL, NULL, '20170113 08:42:43', '20170117 12:54:59')

INSERT INTO [dbo].[MENU_ITEM] ([Id], [Name], [Url], [BuiltIn], [Order], [EntityType], [AssociationType], [Level], [ParentMenuItemId], [UserDefinableId], [CreatedDate], [UpdatedDate]) VALUES ('d2ae8fb2-24c0-4103-bb50-37bc74331d78', N'Bujinkan', NULL, 0, 2, 0, 2, 0, NULL, NULL, '20170113 08:43:40', '20170124 22:45:17')

INSERT INTO [dbo].[MENU_ITEM] ([Id], [Name], [Url], [BuiltIn], [Order], [EntityType], [AssociationType], [Level], [ParentMenuItemId], [UserDefinableId], [CreatedDate], [UpdatedDate]) VALUES ('d57bb292-aa53-4096-aac4-a9cf7a44b0c3', N'Bujinkan pod lupou', NULL, 0, 1, 0, 1, 1, 'd2ae8fb2-24c0-4103-bb50-37bc74331d78', NULL, '20170113 08:43:40', '20170124 22:45:17')
INSERT INTO [dbo].[MENU_ITEM] ([Id], [Name], [Url], [BuiltIn], [Order], [EntityType], [AssociationType], [Level], [ParentMenuItemId], [UserDefinableId], [CreatedDate], [UpdatedDate]) VALUES ('066468fa-0b0f-4686-baa5-e29847d83b61', N'Je Bujinkan pro Vás', N'/blog/Details/41ad32ed-a857-43a1-b181-f65ad07f80fc', 0, 1, 2, 4, 2, 'd57bb292-aa53-4096-aac4-a9cf7a44b0c3', '41ad32ed-a857-43a1-b181-f65ad07f80fc', '20170113 08:45:18', '20170117 11:25:57')
INSERT INTO [dbo].[MENU_ITEM] ([Id], [Name], [Url], [BuiltIn], [Order], [EntityType], [AssociationType], [Level], [ParentMenuItemId], [UserDefinableId], [CreatedDate], [UpdatedDate]) VALUES ('375d4438-1a9a-4d6b-b0fd-2b80f9fd0f63', N'Historie a vývoj Bujinkanu', N'/blog/Details/c18f2a11-f593-44b5-9cd2-8dfc4eefa74b', 0, 2, 2, 4, 2, 'd57bb292-aa53-4096-aac4-a9cf7a44b0c3', 'c18f2a11-f593-44b5-9cd2-8dfc4eefa74b', '20170113 08:45:32', '20170113 08:49:16')
INSERT INTO [dbo].[MENU_ITEM] ([Id], [Name], [Url], [BuiltIn], [Order], [EntityType], [AssociationType], [Level], [ParentMenuItemId], [UserDefinableId], [CreatedDate], [UpdatedDate]) VALUES ('2501d2cf-35d2-488e-a64c-bf375b795235', N'Soké Masaaki Hatsumi', N'/blog/Details/5ef11f5f-c5f3-4eef-a993-60bc8674961c', 0, 3, 2, 4, 2, 'd57bb292-aa53-4096-aac4-a9cf7a44b0c3', '5ef11f5f-c5f3-4eef-a993-60bc8674961c', '20170113 08:45:40', '20170117 11:26:09')

INSERT INTO [dbo].[MENU_ITEM] ([Id], [Name], [Url], [BuiltIn], [Order], [EntityType], [AssociationType], [Level], [ParentMenuItemId], [UserDefinableId], [CreatedDate], [UpdatedDate]) VALUES ('d6089df4-6f82-4941-89ae-034854f47644', N'Trénink a rozvoj', NULL, 0, 2, 0, 1, 1, 'd2ae8fb2-24c0-4103-bb50-37bc74331d78', NULL, '20170113 08:43:48', '20170113 08:44:34')
INSERT INTO [dbo].[MENU_ITEM] ([Id], [Name], [Url], [BuiltIn], [Order], [EntityType], [AssociationType], [Level], [ParentMenuItemId], [UserDefinableId], [CreatedDate], [UpdatedDate]) VALUES ('232ccd3f-66bf-4ad1-9355-0216f9899d7f', N'Než půjdu na trénink', N'/blog/Details/663f5037-f984-4af5-a9d0-74af5a73ba04', 0, 1, 2, 4, 2, 'd6089df4-6f82-4941-89ae-034854f47644', '663f5037-f984-4af5-a9d0-74af5a73ba04', '20170113 08:45:50', '20170117 11:26:23')
INSERT INTO [dbo].[MENU_ITEM] ([Id], [Name], [Url], [BuiltIn], [Order], [EntityType], [AssociationType], [Level], [ParentMenuItemId], [UserDefinableId], [CreatedDate], [UpdatedDate]) VALUES ('2150b834-721b-4cba-b06a-b33d4dd254b9', N'Náplň tréninku', N'/blog/Details/d5c0fa84-dcb5-44f2-a2f9-4d4ffdd69db7', 0, 2, 2, 4, 2, 'd6089df4-6f82-4941-89ae-034854f47644', 'd5c0fa84-dcb5-44f2-a2f9-4d4ffdd69db7', '20170113 08:45:56', '20170117 11:26:32')
INSERT INTO [dbo].[MENU_ITEM] ([Id], [Name], [Url], [BuiltIn], [Order], [EntityType], [AssociationType], [Level], [ParentMenuItemId], [UserDefinableId], [CreatedDate], [UpdatedDate]) VALUES ('93e60554-f4d5-4f0f-a40b-78e1d5981670', N'Příběhy studentů', NULL, 0, 3, 0, 0, 2, 'd6089df4-6f82-4941-89ae-034854f47644', NULL, '20170113 08:46:06', '20170113 08:46:06')
INSERT INTO [dbo].[MENU_ITEM] ([Id], [Name], [Url], [BuiltIn], [Order], [EntityType], [AssociationType], [Level], [ParentMenuItemId], [UserDefinableId], [CreatedDate], [UpdatedDate]) VALUES ('f40dd3d8-0cfc-46f6-8024-3ea6a6b179d8', N'Uplatnění v oborech', N'/blog/Details/6d47e299-03a9-4013-b6c1-32c7c6bfa215', 0, 4, 2, 4, 2, 'd6089df4-6f82-4941-89ae-034854f47644', '6d47e299-03a9-4013-b6c1-32c7c6bfa215', '20170113 08:46:17', '20170117 11:27:05')
INSERT INTO [dbo].[MENU_ITEM] ([Id], [Name], [Url], [BuiltIn], [Order], [EntityType], [AssociationType], [Level], [ParentMenuItemId], [UserDefinableId], [CreatedDate], [UpdatedDate]) VALUES ('7cf2a95c-12c8-4aaa-9251-8234fc1685a8', N'Pravidla', N'/blog/Details/2d06106c-a6ff-4221-8d62-fb2698080682', 0, 5, 2, 4, 2, 'd6089df4-6f82-4941-89ae-034854f47644', '2d06106c-a6ff-4221-8d62-fb2698080682', '20170113 08:46:32', '20170113 08:46:32')

INSERT INTO [dbo].[MENU_ITEM] ([Id], [Name], [Url], [BuiltIn], [Order], [EntityType], [AssociationType], [Level], [ParentMenuItemId], [UserDefinableId], [CreatedDate], [UpdatedDate]) VALUES ('b02fc4af-3577-45e5-93fc-cb937d83a20b', N'Trénink pro děti', NULL, 0, 3, 2, 1, 1, 'd2ae8fb2-24c0-4103-bb50-37bc74331d78', NULL, '20170113 08:43:57', '20170124 22:47:39')
INSERT INTO [dbo].[MENU_ITEM] ([Id], [Name], [Url], [BuiltIn], [Order], [EntityType], [AssociationType], [Level], [ParentMenuItemId], [UserDefinableId], [CreatedDate], [UpdatedDate]) VALUES ('8a94c3bb-7d2e-4a7f-91bf-a30940ece936', N'Informace pro rodiče', N'/blog/Details/b8c2df14-316d-4bbc-b13b-6e2b4dd9b42e', 0, 1, 2, 4, 2, 'b02fc4af-3577-45e5-93fc-cb937d83a20b', 'b8c2df14-316d-4bbc-b13b-6e2b4dd9b42e', '20170113 08:46:41', '20170117 11:27:20')
INSERT INTO [dbo].[MENU_ITEM] ([Id], [Name], [Url], [BuiltIn], [Order], [EntityType], [AssociationType], [Level], [ParentMenuItemId], [UserDefinableId], [CreatedDate], [UpdatedDate]) VALUES ('93515af5-3edd-470d-9c85-829a209e922e', N'Co bude dítě potřebovat', N'/blog/Details/025ad244-0c02-477d-b40d-18d1e92025e5', 0, 2, 2, 4, 2, 'b02fc4af-3577-45e5-93fc-cb937d83a20b', '025ad244-0c02-477d-b40d-18d1e92025e5', '20170113 08:46:52', '20170117 11:27:45')
INSERT INTO [dbo].[MENU_ITEM] ([Id], [Name], [Url], [BuiltIn], [Order], [EntityType], [AssociationType], [Level], [ParentMenuItemId], [UserDefinableId], [CreatedDate], [UpdatedDate]) VALUES ('2b7bcae7-7ea7-4a19-9379-2ff19f565908', N'Ohlasy dětí', N'/blog/Details/8e125063-0c65-4309-9f3f-7b230e56578b', 0, 3, 2, 4, 2, 'b02fc4af-3577-45e5-93fc-cb937d83a20b', NULL, '20170113 08:46:59', '20170117 11:27:56')

INSERT INTO [dbo].[MENU_ITEM] ([Id], [Name], [Url], [BuiltIn], [Order], [EntityType], [AssociationType], [Level], [ParentMenuItemId], [UserDefinableId], [CreatedDate], [UpdatedDate]) VALUES ('009422ef-ccba-4ad5-8ae5-719d84459d20', N'Vlastní aktivity', NULL, 0, 4, 0, 1, 1, 'd2ae8fb2-24c0-4103-bb50-37bc74331d78', NULL, '20170113 08:44:05', '20170113 08:44:26')
INSERT INTO [dbo].[MENU_ITEM] ([Id], [Name], [Url], [BuiltIn], [Order], [EntityType], [AssociationType], [Level], [ParentMenuItemId], [UserDefinableId], [CreatedDate], [UpdatedDate]) VALUES ('f250a22f-aba5-4a1c-8bf3-f26aaf99dd77', N'Knihy', N'/product/', 0, 1, 7, 3, 2, '009422ef-ccba-4ad5-8ae5-719d84459d20', NULL, '20170113 08:47:09', '20170117 11:28:06')
INSERT INTO [dbo].[MENU_ITEM] ([Id], [Name], [Url], [BuiltIn], [Order], [EntityType], [AssociationType], [Level], [ParentMenuItemId], [UserDefinableId], [CreatedDate], [UpdatedDate]) VALUES ('174143c5-3ce7-48b0-bc61-fa9ed337b1b6', N'Sponzorství', N'/blog/Details/da965e9e-a8e4-46e7-b3f9-9bb44de7fbd1', 0, 2, 2, 4, 2, '009422ef-ccba-4ad5-8ae5-719d84459d20', 'da965e9e-a8e4-46e7-b3f9-9bb44de7fbd1', '20170113 08:47:16', '20170117 11:28:14')
INSERT INTO [dbo].[MENU_ITEM] ([Id], [Name], [Url], [BuiltIn], [Order], [EntityType], [AssociationType], [Level], [ParentMenuItemId], [UserDefinableId], [CreatedDate], [UpdatedDate]) VALUES ('db551ad6-d0f6-4362-94b5-d8c3e5ebd87a', N'Studium v Japonsku', N'/blog/Details/3c1f8aa4-f254-4619-9b2b-3e83ac38f16b', 0, 3, 2, 4, 2, '009422ef-ccba-4ad5-8ae5-719d84459d20', '3c1f8aa4-f254-4619-9b2b-3e83ac38f16b', '20170113 08:47:24', '20170117 11:29:00')
INSERT INTO [dbo].[MENU_ITEM] ([Id], [Name], [Url], [BuiltIn], [Order], [EntityType], [AssociationType], [Level], [ParentMenuItemId], [UserDefinableId], [CreatedDate], [UpdatedDate]) VALUES ('560bf836-b3c0-4361-9713-ac910daf738a', N'Jissen', N'/blog/Details/22942bfc-a8a6-4b7f-b523-aa1b48cea028', 0, 4, 2, 4, 2, '009422ef-ccba-4ad5-8ae5-719d84459d20', '22942bfc-a8a6-4b7f-b523-aa1b48cea028', '20170113 08:47:29', '20170117 11:29:10')
INSERT INTO [dbo].[MENU_ITEM] ([Id], [Name], [Url], [BuiltIn], [Order], [EntityType], [AssociationType], [Level], [ParentMenuItemId], [UserDefinableId], [CreatedDate], [UpdatedDate]) VALUES ('1fb79470-a03b-4ac8-8f51-940d21033c62', N'Rentaikai', N'/blog/Details/8f7a9387-edaa-4236-b1e3-0fc1e5fde907', 0, 5, 2, 4, 2, '009422ef-ccba-4ad5-8ae5-719d84459d20', '8f7a9387-edaa-4236-b1e3-0fc1e5fde907', '20170113 08:47:34', '20170117 11:35:02')

INSERT INTO [dbo].[MENU_ITEM] ([Id], [Name], [Url], [BuiltIn], [Order], [EntityType], [AssociationType], [Level], [ParentMenuItemId], [UserDefinableId], [CreatedDate], [UpdatedDate]) VALUES ('f88c7b87-d8d7-44d3-80ea-5071927385b8', N'Jak vybrat bojové umění', NULL, 0, 3, 0, 0, 0, NULL, NULL, '20170113 08:43:06', '20170113 08:43:06')
INSERT INTO [dbo].[MENU_ITEM] ([Id], [Name], [Url], [BuiltIn], [Order], [EntityType], [AssociationType], [Level], [ParentMenuItemId], [UserDefinableId], [CreatedDate], [UpdatedDate]) VALUES ('b41d8fe7-55b3-439f-a40e-11f23d567ad9', N'Výběr bojového umění', NULL, 0, 1, 0, 1, 1, 'f88c7b87-d8d7-44d3-80ea-5071927385b8', NULL, '20170113 08:44:19', '20170113 08:44:19')
INSERT INTO [dbo].[MENU_ITEM] ([Id], [Name], [Url], [BuiltIn], [Order], [EntityType], [AssociationType], [Level], [ParentMenuItemId], [UserDefinableId], [CreatedDate], [UpdatedDate]) VALUES ('a3e6b715-e129-414d-a5b8-b5f7de452dd2', N'Umění nebo sport?', N'/blog/Details/deafe0e0-5747-4dc1-854a-e6279a8b16bd', 0, 1, 2, 4, 2, 'b41d8fe7-55b3-439f-a40e-11f23d567ad9', 'deafe0e0-5747-4dc1-854a-e6279a8b16bd', '20170113 08:47:43', '20170117 11:35:11')
INSERT INTO [dbo].[MENU_ITEM] ([Id], [Name], [Url], [BuiltIn], [Order], [EntityType], [AssociationType], [Level], [ParentMenuItemId], [UserDefinableId], [CreatedDate], [UpdatedDate]) VALUES ('d48a1e9b-06e1-44a0-8b17-1be73b12429e', N'Typy bojových umění', N'/blog/Details/c2d1525c-2a26-45c8-abe9-5c5c37104f0d', 0, 2, 2, 4, 2, 'b41d8fe7-55b3-439f-a40e-11f23d567ad9', 'c2d1525c-2a26-45c8-abe9-5c5c37104f0d', '20170113 08:47:51', '20170117 11:35:20')
INSERT INTO [dbo].[MENU_ITEM] ([Id], [Name], [Url], [BuiltIn], [Order], [EntityType], [AssociationType], [Level], [ParentMenuItemId], [UserDefinableId], [CreatedDate], [UpdatedDate]) VALUES ('93357445-d776-406d-b67e-ac8dc82734bd', N'Specifika Bujinkanu', N'/blog/Details/da10a6b0-f735-4e17-9928-6571c230be06', 0, 3, 2, 4, 2, 'b41d8fe7-55b3-439f-a40e-11f23d567ad9', 'da10a6b0-f735-4e17-9928-6571c230be06', '20170113 08:47:58', '20170117 11:35:28')


INSERT INTO [dbo].[MENU_ITEM] ([Id], [Name], [Url], [BuiltIn], [Order], [EntityType], [AssociationType], [Level], [ParentMenuItemId], [UserDefinableId], [CreatedDate], [UpdatedDate]) VALUES ('518baa3c-fc4f-44b6-baa1-48937c8ff279', N'Kalendář', NULL, 0, 4, 0, 0, 0, NULL, NULL, '20170113 08:43:13', '20170113 08:43:13')
INSERT INTO [dbo].[MENU_ITEM] ([Id], [Name], [Url], [BuiltIn], [Order], [EntityType], [AssociationType], [Level], [ParentMenuItemId], [UserDefinableId], [CreatedDate], [UpdatedDate]) VALUES ('00cc2726-de3e-47fe-b163-e7d0b18b69ec', N'Pořádané akce', NULL, 0, 1, 0, 1, 1, '518baa3c-fc4f-44b6-baa1-48937c8ff279', NULL, '20170113 08:44:44', '20170113 08:44:44')
INSERT INTO [dbo].[MENU_ITEM] ([Id], [Name], [Url], [BuiltIn], [Order], [EntityType], [AssociationType], [Level], [ParentMenuItemId], [UserDefinableId], [CreatedDate], [UpdatedDate]) VALUES ('667cb53d-c441-4692-9540-e2d89932cf86', N'Shihan Luboš Pokorný', NULL, 0, 1, 0, 0, 2, '00cc2726-de3e-47fe-b163-e7d0b18b69ec', NULL, '20170113 08:48:19', '20170113 08:48:19')
INSERT INTO [dbo].[MENU_ITEM] ([Id], [Name], [Url], [BuiltIn], [Order], [EntityType], [AssociationType], [Level], [ParentMenuItemId], [UserDefinableId], [CreatedDate], [UpdatedDate]) VALUES ('099b2260-0d37-48e7-b467-74461afc0ab5', N'Semináře BCD', N'/seminar/', 0, 2, 4, 3, 2, '00cc2726-de3e-47fe-b163-e7d0b18b69ec', NULL, '20170113 08:48:32', '20170113 08:48:32')

INSERT INTO [dbo].[MENU_ITEM] ([Id], [Name], [Url], [BuiltIn], [Order], [EntityType], [AssociationType], [Level], [ParentMenuItemId], [UserDefinableId], [CreatedDate], [UpdatedDate]) VALUES ('a80f23c0-d040-4758-85c7-b057ae80eac7', N'O nás', NULL, 0, 5, 0, 0, 0, NULL, NULL, '20170113 08:43:18', '20170113 08:43:18')
INSERT INTO [dbo].[MENU_ITEM] ([Id], [Name], [Url], [BuiltIn], [Order], [EntityType], [AssociationType], [Level], [ParentMenuItemId], [UserDefinableId], [CreatedDate], [UpdatedDate]) VALUES ('38e895dd-1441-482b-9909-fec46d96bb40', N'Kontaktní informace', NULL, 0, 1, 0, 1, 1, 'a80f23c0-d040-4758-85c7-b057ae80eac7', NULL, '20170113 08:44:56', '20170113 08:48:40')
INSERT INTO [dbo].[MENU_ITEM] ([Id], [Name], [Url], [BuiltIn], [Order], [EntityType], [AssociationType], [Level], [ParentMenuItemId], [UserDefinableId], [CreatedDate], [UpdatedDate]) VALUES ('281f6e29-0dda-4b29-b7cf-df37ffc1a160', N'o Bujinkan Czech Dojo', N'/blog/Details/1ec3b993-c94c-4be7-aa4a-bc0067892fb3', 0, 1, 2, 4, 2, '38e895dd-1441-482b-9909-fec46d96bb40', '1ec3b993-c94c-4be7-aa4a-bc0067892fb3', '20170113 08:49:03', '20170113 08:49:03')
INSERT INTO [dbo].[MENU_ITEM] ([Id], [Name], [Url], [BuiltIn], [Order], [EntityType], [AssociationType], [Level], [ParentMenuItemId], [UserDefinableId], [CreatedDate], [UpdatedDate]) VALUES ('f4a04404-86e7-4502-9d79-549742b5f242', N'Instruktoři', N'/user/', 0, 2, 0, 3, 2, '38e895dd-1441-482b-9909-fec46d96bb40', NULL, '20170113 08:49:32', '20170113 08:49:32')





