INSERT [dbo].[__MigrationHistory] ([MigrationId], [ContextKey], [Model], [ProductVersion]) VALUES (N'201707310649429_InitialCreate', N'Server.Context.BujinkanContext', 0x1F8B0800000000000400ED5DDD72E3BA91BEDFAA7D0795AE92D48965CF6C7693293B298D2CCFD139B6E448F2CC9EDCB86809B699A14885A47CEC6CED93EDC53ED2BEC202FC01F14B0204484AB66BAAA664806800DD1F1A7FDD8DFFFB9FFF3DFDCBF3C6EB3D81307203FFAC7F7274DCEF017F15AC5DFFE1ACBF8BEF7FFFC7FE5FFEFCAFFF723A5E6F9E7B5FF3EF3EA2EF60493F3AEB3FC6F1F6D36010AD1EC1C6898E36EE2A0CA2E03E3E5A059B81B30E061F8E8FFF343839190048A20F69F57AA7F39D1FBB1B90FC01FF1C05FE0A6CE39DE35D056BE045593ACC5924547B536703A2ADB30267FD050861738F6091183CC7FDDED0739D08257BF7FD9EE3FB41ECC4B08D9F6E22B088C3C07F586C6182E32D5FB6007E77EF7811C8DAFEA9F85CB51BC71F50370645C19CD46A17C5C14693E0C9C78C2F03B6782DEEF631DF20E7C690C3F10BEA75C2BDB3FE7085180CD3FA3DB6B64F232F445F62EE266238C2257EE8A5E93F600440A0A07F3FF4463B2FDE85E0CC07BB3874BC1F7AD7BB3BCF5DFD0C5E96C177E09FF93BCF23DB055B06F3A80498741D065B10C62F73709FB576B2EEF70674B9015B101723CAA4DDF8B273E1EF29ACDBB9F30096FAA0B438FA3F2700A1034740BF77E53C5F02FF217E3CEBC39FFDDE85FB0CD6794A46F5C677E1808185E27007B46B3D07D12A74B7A9D08D2B2FAFEB26F41AAFE3DC893117D1EFA5BBA96E5704C27370EFFA886FAC14CB8B8E42002B598B6BD514C5CD765D9FD6D479721F92D154D6B97E6F0EBCE4ABE8D1DDA66AAB1867B7CCB71761B099071E3978E94F6E17C12E5CA1D606E5DF2D9DF001C474A34F07858E28D51C4CAB14B50755CA5483F4867711CC5DC519080F43A3A43DC9497C0EA0881C5F1F96909109CC83F010C78632CC3E3B11183F013F5686182E610C2F4429AF008E4806F1A5E06318B584137507D3C82276C2D858CA637F6D4C63B85E87208A1A9F6846C952A66D3EFFCDDDA2D28DF7EECBB6790E5EC005F55D107C6F7E4DD0E21A67F118FC7A1DBAFF04A66A37217205367720CC494DFCF8E4DF95CA4D838D7EC9D12E0CE1E6AB4035524545A2F658461FCFC1838B9417C9FBBA1C21699D0367EDB9BEF6522FED4E7C0DB595BB72B7AEE3C711C1A48F1FB45B0561E36E769B328A5502035BE765934C3C5A72CE8BD5E5C570B50AE04678BA2391D29CBE4475852F154B08E932362B2E5CC0E279F8167F552C5DB94C6ED1CA7F215AAE56ADB1A38AA665DF881A966495342BCD375A4363C6282E6DB2EFDF77DED6F07FEDC48FCD0FB2C35A7223606B6DE89A5D6897B2E3F3EEEFAEFFDDF1976EEC016A8A647234D97CE18651DCCDD9CF6217FA9D543CDE38AE8DA320DD25951345BF06E1BAFD9ABF81BBD7B39CBE7E0CFCE6F5E5B9E36BAD8766E19A5AEFD658CAB5B94F505B0EB10D0CFE1EE895404B09DDD9B1D61A0C6952D1F28B4CE7963854A6EEA20B3143D81494C12FB78A545C53DE0C222B6FA16A2392059AF1D28F6D906C69A8DA2A44452EA534971111FA29964F92A32B9C65E8B83E1C3962D6E4B9B7E902A0680A95C1B185CE15314579E591824771E5813EEE70E5D1CAF2B44DDDF779E77AF1C4F83C60163E38BEFBCF44728812B528E33335A98FDC2777358CA260E526444427198D7168B26ABC0A5B6BB0AE16253536E3951303ABFF0473462D6D936A5C456D833E7EDF773778E30D859AEC932D1C49E2BB311BC79BB0982D5A57C0DFD9A2959E29A4A701E7C00331187A9E1DA207735091AF3C9407715EA0C365C3B9439FE4277F1FECB5DE45108E1E5D6F1D0263401FD80DE1DBB9106CD516090E24C3E9ABC11B0DBCD311ECA8D93C6ED5C27D50E73AC364DF266D10B5ABABA588F50C341A31CE20EC4406A56D5D800DD4D3EA07DCD9F79DB5F7B317A84F70E8E3C3DF13777A40A859B9A55DB348F155E83938673F04BCA2AB7F8E9811141F9B4160DD165F10876664067F5B4AE55AD378095956DBE144712BCCB51C2253B0406344E6856C8FCCA231E52A44BBD14D35D8C082AE95E3B65A8359193F97AEFF5D5B1464A1AEF003B9B4DEAD62EDB633E5BA6AFE17C7F38046B3B3EFDFDE3C6A63DB9F318F3BF9A5D2F7FA06108AFCFA318835AFF474BC154A361F79E5C2692FE3E12DF95931FFF1B9DC4428F8A4CE9C5CEEB8905722755B107E206DAB4597853988B24A540F7DB302EF07BF4D9A7F58B1C0AAB1DE960ED7833C35351BB439D2E5A356FC05376C259F198DDB6C1DA1BBEE787313782B9E7C2DCEC594C5BE92D5B6353B7FBB56F7EDEED533F80BB7EB6C1E377EB90F8C462EDABD686D75DE67DA77F5A0BC54AF39AA0E6EFA2E1DED68D408873A95C18D733AD76890A36BED490C36CA033D2FF03ED80F7BB05BB31833B6112E30494DD839D0C86CDD6BE9C2D64C4A9EFB46B38E4BF0043C3306C87461D5DE0BB9DDE5DD68EEC0E37569DC9C5F42ADCB65729A97FF42F70C86165B791BD96F052DA53F91B797F94EB7D58BDD5D5E566C0868D066D626B9AA6FF636CE98B474E32CFE42CE668B1BE7BFEE40942EC51467E6BCC0DB9899F3DE5E39A10D5358DD99C58F7EB5E2E17B90EB5D650C7F0D56CEDDCE73342E708A226F03C7DF3AF19E5B868E1F7984E4DF219C4378B7216FDFF1A9D124BAF09C8722DE5C099C1FE1BCB53E3A8F83089F3A412C27A9B58F336F7CB8CEF65EA08CC89526CD9C34B445DEF2BFFDDCEF7D75BC1DFC7DCCF191FA747C339FE16F4FCABFBD599CE34FF9133DEAD39FAE7FC19F7EE4B99FF2B984F78C13703D0124AE06B43F71FBB2984C17CBF9CD68399BAB8A64F1E3E47C06FF53150BFCF4C7E15426192576F3EE3DF5388E9C0122CE59A87DA64F67D3B12ABB878BC56C34192E27B3A98CE34A3C4C0CC2EBB10DBBF721ABF2F6B975359B9E0F7F51E5D7F266BC203FAF40E7B7F1F9942E50A13A963FDECCA9EF3F967F7F319F905FFF5BC560192E6FE6E4F77FA8F8FE86E20DEF374D63E9CB7C3CBE1A4F97B8C07FD440126572510F5129091744A4FD46FBC8FA32BCBC1CCF95A135BCFC7C73A50AACE17C39195D8E8DF49EE89C499BE1A3200429D7F13659708095333FF9BC3D097CBE9C7D515E0B7C25915BC1FEEBF9EC1C4E6BAAA37A31BE9A4C8773D5417DB318CF65435A4BB2DC119F55F132D43B92F1F8EA7AF9CBEDE564AABCEA5B8C4768BEBB85AAEA4655E03FCEAEA4838DFD16B5E57639836D5A2C55459E97595C8F47938BC94855A353FDFE830A5408A9E5A3840B79455738F6D7BDCAF857C5F932E123700545EE6EA190A11A38EBFF8EEB4A19657C3846DC64E70E2C34DDE3A3235E7A706B0BD0219AEB78A3C04716BBAE1FF3FB60D75FB95BC7AB6A055350710B8D4480AB6073CEC11640ACFB71156F55EA26DC87F826E09A98FD7D158B4E070456CA214445EC90C9581CBE83B654D1C18C30E2479B701135A005A488F8780820215CE6652215F9CF17024D036D2848534850801035C4D5C206DF931690C1F756A5D23C1250779A238969503ACCE99032863A838A4243104B432BD0C44E58169ECEFCD473BD375CA5AF238C9C68E5ACF9233B38FDAE6D6919B2C96DA91892E72A75E6F1A13AC111E7E52A4380DCE5B50042E1A2AF8E2CA9A76C9B3392AC112D4046C6D7439899685FE44A09D3EE7A96604347A92AD770B6D142D6DD26544846AAD49BFB9B76021236065BF55646BA9031DC2299AC67743A4C79CF4A9B2576A5253A9BB8826BF453E87DCB102C8C581A1919C236B4B1091431534983129654DD8C0EECDC5C2A5799EAAC05121D9569F19080ADBA2D5C1C94B694B8E6C8E459E5A7432CD2B13B9C3A5A2ADC7BA4DE327BB71728EF480B402C97932A2A290BCC4EE029704A9581A7CC4395F314D64165895FAB02DEED2934793B5A00949CBB6A1B07D2EFB95324A9E9B90A2F622B78325372F671D595AE2AE5F5E1A82ACE314E267FB9975C217AEC94AA0E2BA96F1D4FB6E155B9AC252D6049C6DB83589BCB1E659449BCF285C642F0C44BACEA88AA7AD9B17D5555D1A2160056C1F3C35157B4679F0C021237BF42F0A90FAE3AA6C49E810C41B97EEA7A612F6C7E0BB013CAE120941AEFCF248346897313EF15A78339B94F1479E62FC19C3DE5256D460BF891F2F6B030C4F86E550A5CE67C66094F323FB16AF20DA04ADC9836B125E6B64A0B7857D16E71A6B6FEAAF2BDB384B27D597C9537A84DA01DD4D22BB5AE85656258A23079CD1C3E503A7816451F826DCDAC3C236108CB94EE02C4CCEEC10551BF5798F4F21B000E71341D8A4722520CDC2AC8A577C6E246E17BF60A1A48FCA2F2A9214855E1EC604E48001FDA551041EB2F118174F95B5198704CE608149AA18248EE4E2A225278E25610C1BE8B627990DE900C2502DC0539C123ACC477EC25AAD8E483D27972C355DC131EA0DC1856315725E8110865370D74AF1538423F89C633436E8049B55B6882598F0542EBCB867A4F3EB6C3F75D6657483557605958AFDF028B42654275059FEA2389D479E3395E4E94F99C81BC29CB39824EA6488D7BCBBF55C077BADCD28B6AB3D4D6AB1E0BA4265E0DC19E7922A18415FCC5BBB8E1D4F5BB2113A8DBF7268700F7F861D95C50A50764D639A6F3407B1A81096A2F6086DC6E876EBCD072A7262384463B8DB341363024D6287C932D0C08DE14A5C96ECB429EF23C50B1C0A03A52618341AAFB62E95BC2980AAB8B26B9248A39CD73A8CA0880EA4D8919403DDC945CFFABB0DA802B95D051B8D31676A5123835D8D33E78F848A43C87CA2F65A98E48AF65EBF1457A1DDB244B64378802CE285D366A5D37121DA3CE224A985475C3D824AF98D0963C874A6EC814EEC888A6678707257C10DF8A35D97B4198399E031577378AB7374437889390126EC8EF6B5AE1081B20AE842F65F7115A3712F57924B983502168C2A44AFDA27296AE739A5E9F43CDA9963C46133EDCC579A783C5EA116C9C2CE174003F59812DD2764914B128CFB872B65B1454A52899A5F4165B6785CE4F7FBFE8F79E379E1F9DF51FE378FB69308812D2D1D1C65D854114DCC747AB603370D6C1E0C3F1F19F062727834D4A63B0A2B658EC5134AE290E42E70130B9688FBC06176E18C5E74EECDC392810C168BDE13E638FB2254790796DFC69352FC3FC5C322F837E674101D2506C595DC4B1367FFC9F15BE807DDBA04B04D44D2098A4046561E9C5CAF19C50104A6D1478BB8D2FBFD0909746FFD3E5D314750A54006C921095A14E2F89E34BD2491234DA93C435A31A92A468B480BD91A15A53755D23A74B0571236952191AED2403B9516D2433787AA7030686DC8513877646FBB003486978312A4D67844D22F47B76FF1B66A851247F5B63BC954E0472CE9B8DB93478094D214FD34369029C20146194C87A7B08AD09277C2457074A6910A09620B484B32DC3D22C499D46F6A83649234B52A7913CA94D524812D4CBE337B0491A385103B8C92D328558C1BD721905FC8035490427AAD3491EA826692409EAE52FE00AEB2E08BED3448AD4EE2666E2A9190A3345B2860A4405D268448C1E243334E94D838D8C6291A581291CC694C2154ED51925687A99830717D968F00211E5AB5327CB9D0367EDC125304D5FFC852E2762B8AD8BDD95BB751D3F8E445C61BF50AFE1CA797637BB4D490DE22F741002B6CE0BD2DC2C3C8AF43AD4C41C17E56B68C5D50A5D054E773C9A992C0D1916711228C1C9C327343E0D0B167375967028E25D4BD32E135D9724C46469287CB49BE5B76144B2868ADE853E4709276A28AC8DE332BBB02C4963883851F46B12A79B1A1838559DD2377047134912BA9852AF1F036EA4A7493AFB53763A76B4D47DF6780C49214BEA6E695047B948DB968594A29A25093325A7920714A2A6414990A1B6155D128B4C5FD19DCF7E9ABDDD6321FCF412AD74B3449DE1C346ECA647129BABB307797257C4B9AC7CBD57FEA57A8D13E61061A275806043C9EBABD676871A0EABA43FDC96F3E1643A997E696BC82561D0E979416B93B10FDBF98B201C3DBA1EDCBE3388A732DE8F07EA1F0F583F6DCF02BDB0C7879AE7867BBFB9484366EDCFA91E6CD7DA4DDC7CB200CC590C714AA42E12E9C6F5D1416EF72C5C00D4943A5BB4D6988883A5EF311B937055FA3C4CE2D1BFAFFE0C577F96D41DE17C4AE9BB12A7D42E602633915180DB68B81C7F99CD7F6963D4A64F2DECD390955D10E50CAD733FD420471B1AC4BA83AE5D80534119F64A1C1CC0D39716F609E00C2FD9183CFBCD4EFC82CA1E73348FC1A5CFC9FCE99F835113E60637D4BB4DD4E688CCE8F278930C1547EF70CA82C8C9299A9A1875A21E6A80391FAA07036663EB33CBD0135CB86B5FB6DBBCB8B77729DECD22BAA6ED5AE19A69308C244EA72AB3ABACE4BE0EA36B277E642FFE50CADB3345AB09B8D42BDA006C22D76E05A4898BED2BCCD04D5A82075EDD523935AC2A398A748EDE4DA498229DA3612C03FC9D98229DA33BD8D2919006AF1B7A9E68D8719FBC0F68D5018D9D314D06751E1BA6C6C09616DDD7C16D3E87BC1BF23702E5D477D0F0E8A60684C5C5F615BEFBB693A8B7DE7E1F02C22150B8FB190C03998FA6C25090177DADC3C19EFD8FB9F95C2163D65AA248D73072605F5AA68C1DD84C75BA97E009303CCF92BA521A7C484D7A76AF0AB85982AEF799BE09355704F83350733812A0BE9A93176D46CDE5F55D392163D246E7680C6E3FFA95B3E1CFD2DE61A808432A44A40112895892FA582C2BDC0C1ABF71D6F3DF342DE797A1E3471E276522F91D836C361D59810622174E4E6E7EC17EC9D9F3E41FC8428DB1EB1F71F0399E3D4A404C2889830D1355EBB74A1A7859A955F257E7648D620361F012E5E261B09F603C6529F86F1C0F238B454105C948BA84425E245D89B2B8186C708AF4937E0FB6FDC95DA3C0148B97082E6E8ED007478B7F7823CF4D3CCFF20FAE1CDFBD8733CD32F80EFCB3FE87E3E33FF67B43CF75A23484491676E3131B9959290EC7C947148703AC3703B6B87E340F44258AD69E2096071A13F9EC270E6771FA33E0B0958BB72C32F7E9802D782A40541A3C78E7BBFFD8011745CD76EF5D34DD4E779E87568067FD7BC78BF8F8CAC22D4F4ACC7F72C2D5A313FE66E33CFF569B12B561AF209804D5AEA097EC9C2CD049356C4A08A9DCD8453DD66C0BBBB696719F8B253EF1D7E0F9ACFF5F09A14FBDC97FDE32B47EE8251BB34FBDE3DE7FEB368B9A93E43D54121F351F69D122A7A2D2715216DBFF10C64A1EBD222577E7C6FA4CA6435654B7EB15A240FCFCFC21C85F4957AA482C3DE1B740E8C044CF5FBBBE1EB9ABCD91D47DAD053D624887BE9BAD4F87BE91AD4F4772FD6A4AF0700688F0FAF28D0D1225EDA83C4C5A5EB6BD4654F237926F0C91D6B62296B748E4FD8401B40B326F09D592B7ECDE915D0789F88AB2FE549DDD4FA6045C5F9F00792F599F0A7715599F54760F599F406BE35B6DD3C25E5C1A34892566D2B0F7C3191BEA507C097910EA90BEB5B4A116F3BB4B1BB40E0C07B20BC08340427A7368436AC4E5E11B0441C9B59D1A0EE4376FFCB7E2FBB06ADCE03A0CF47D46C368DD9BB7DF70DAD16A85BA24B9800ADD0C640526188AA19B9B2C25821656C78D836CDFF79BEAF70B421FED378DFA9676708C733ADDA87EEFCA79BE04FE43FC78D63FF9F0475BE2E6E305BE8BBAE563282B9B7F3622A1C1AEB934EEA085FE4E5656C86461082D502A22116A13531E6782E856AF75A0656F0CD898F9B3D884862BFE243EA1210D1C4FD0C6B9731256D0067F706C410BAD4A620C763B9A9AD7B5443883FADA967A7E2025136D1CCF63B4ADD2A920FDEE8019B122C082C92930FFCA80C105B9F04D01336332F12B02F57B2C7E3340484F4DA2C55301A6D8E09F0730631DF32E800D555604EF34D9D1E4544C76579D2C9F8571985EEBC46EF188C0C6411E15F7A9FEF8B77EAB4C457B321A1505A183BFE0511E51C26050EF23EA506D2CA8C5568D49D0CA82CDC6C2E8200EEFC4E1E85FEBE84962DFD797E8FE6C2EA9C0F7F561DEFA1E5585D03E6E51ADFBDA747085B5476B71750F16EE15AED7AA9A9887BEEA2B29E2852F2B076AF9335F3688A99DC02A1A2DE72F7ED9A0963CFDB56F4759D91B6036D49783D556DDB305636B41FBBBA6FD3948C8DE113368474AC2A411F93364068D4849585866129741AC814B899F397204EFA136E0674BD2BE200FE5A32CE56AE7C5EED67357B0D6B3FE09C79482046D52439262726892BFE348C25905A0F343D7F146818F0E275D3E3A00DC71F82B77EB78540798AF14A72AC4574C8FCD39075BE023B10ABBA9526189933E26CE4C9D552CA0FCE5F5802072ED27A4982C0048E1A509870203F12BA2FB8002795084164090BB5DDD9679281320A0BEA2D040E7B0B060FB36F35327B7DE709586371839D1CAE19FDA4A2243C85A837DC6C8861489CDE048CEA76600551212548CA5D24858AD800A4785681655C7474765FAA6884D415224525F073E242138F61A20C8ADEE56FC180921406CCE46CAAF48549F79122F3E92489AD088FCE5EFA4D817BD24CC2A5F4F5934BF56049EBBBB58167A8506C07E6E24AD22F1E0E55F125F749F31407B404991A0253D4524A42196DA438396842CA121E9A34A7DD5F138DBC545978B852E5445EB4B052D34EEC74A01BD72788B445210BABD0803062CB7CBE056E0EE6161DF52B29D4D1E352477B1498202EA0E032CE2F74895EB690B1B02372DCD338B0ACDA024E7433BA450956DA76713897CDBDB25B429E8365789CAC2EE7C859837404DE14BBC9D1A55FAE6BB93C350FE16F0D9025ED0558D1A5604AE528DE224A98FA49426BC1A7CF0FCDC376C14B71B4A0011F9F8348A10C57BB503C688E9C55BAB201187E624147F964FE9FD3C4D6B3DA928785B0B0DE993941DCA9B3018E844EC99F5B99A6610BB0934AA1BF22A496238EDD5E807E93BD8FBA42172A81406FD522068DD465628090D045852145AD78C2D4ABEFC01EE5631D0E5F964FB80D86B7DB01F8793D7E9B3E96AF388D839A6D17924AF922486D35ECD3C227D827E9FE6911C2AED1D676908FF000FB57484DEF9B9D61295757DC58B0C892350A39A02D749522B125F8DAE10F356ABAE36F1627EB9614DE80776C3A125E84E6F39B0B0DB3B82E842F02D1E4468C9BEEBB308843DB57941E081D5E89C50FFF2F430E6024355D41636DA530B4A023F3C75A02CE7AE5541729D95BE26291351FD7BA56EC46C784F645FC6B9835877E359F0121471861830DA3B4D68C59BA24D5CF04CE81817B9CF5E0BB8481DF5F073A558F9304F8B7218C95E96657D2CFABDC2F38FF771481F283DEBAFEF0228DBD47D70385ADE0C2F27CB5F044A82AE84593B701531F9A2CA90046ECFC71793E9F0F3E5B8B2463C737175E11C512DA3D9CD7439AFEE503A9C38DA69B288F07CA6D0E8E2909FA78CB384D4C78BD9CD7C545D43EAB0C0514F9345942F27D39F2BA916F6AD1CE5224B44FD6A3CBDB99D2CC7579555E0B715F82A8A2C51157FBD192F9693D9B4B206226A3F5F079929AAE5EB6C34FC7C733954800EE3A4C855C5E48B6AFB69369926CBF8CCDCA0B2CAC4008DAF2949165590E6540D317C98C88F319C251C6438B7A2867451C2514F934594D39C0AAA19CF38B259BA88AE1A9BF13D0A471AE78888E3CC0AF2F8D095238F7344E4716605F962DFCED12FB2441514B955B340B20EE0957F922CD3F91C55FA1DEF7267F41EF1313BBC4A9F47E7ED2C70672468A0CA08C7B8E035776E594577AE46C733E76B858E8B5F60E7D67144DB45E2E8A8DB12776341B7551C93CB4E40C8FED339258C6027F2A4789168DC7D9963ACA0FF4A3EB4D619C0AD2A93F244AA310B68D74F41C74B7C43E9730F661A4B5A2A9BA2A892E4622A29952618778D77721474AFC213D25217D9955D52B248B4D755C697AFACC3656E7FF51B2F2C99BAF935DCF5CA21ACE2D8667D04372D794D872CD18466E0D2659D5DE4123B9DF1444BE89A6C4A274D090744F141CC66F126BB52A6D24AFC742CA9B3A6BA56D3E144C0031BAE2BD6C1ADC5F01AECD3F4BF10B0CDC483C33ABBC86D6B5254B82D3559EB6BB82294EE04EABA34586799E226CB8869F8E0AF8C2392FB24D13D193916F2B44EBA58CB0C5DC005737376EBB8608E5492D2B2F392FA8C238CB24BD82233DDAEBFF3EBA0AB958B4D0523E50393722DEB5A0167CCAD74AD338E39124C4ACBCEFBEA33AE6CCD566E8F6A69D9D66C376B5A550A9861C33ED33A46D873DDA4B8F4CCD6807DB25D4A8915A2E14EA5B5AE952C1DCACDEEACAC1C9AEEA6A6E998800926C667D601AF84A3BA6C2A4182DCCACA0A0A9AEA16612D24DB58096C89F4373CEDC928BD859708486431C219CE906BB7A061B8E51197B12107CE3B1DA497625902FC330E42E7015C056BE04549EAE9600E91E36ED258CDA7E720721F0A12A790A60F5694E108FE66E2DF07B9FD0AD3A2FC13F69534103B6B27768661ECDE3BAB1866AF401441E5D7EF7D75BC1DDAE46CEEC07AE2CF76F17617C32E83CD9D47C11AD9C194D57F3AE0DA7C3A4B428C4736BA009BE9A2273A663E7A71758DDB7D2188842D21810C6CBE00989ECA12BD6C071E5E30A56912E15D8550C63E6C17B4049BAD078945337FE13C813A6D8308BF040FCEEA05A63FB949787719916A41D06C3F3D779D87D0D944198DA23CFC136278BD79FEF3FF035896F6CE21750100, N'6.1.3-40302')

/* COUNTRY */
INSERT INTO [dbo].[COUNTRY] ([Id], [Name], [Path], [CreatedDate], [UpdatedDate]) VALUES (N'6f82e7ba-215f-4941-9b4c-04a348b5e565', N'Kyrgyzstán', N'/Content/images/flags/kyrgyzstan.jpg', CURRENT_TIMESTAMP, CURRENT_TIMESTAMP)
INSERT INTO [dbo].[COUNTRY] ([Id], [Name], [Path], [CreatedDate], [UpdatedDate]) VALUES (N'602e29a2-419b-4839-b907-04bba294e76b', N'Argentina', N'/Content/images/flags/argentina.jpg', CURRENT_TIMESTAMP, CURRENT_TIMESTAMP)
INSERT INTO [dbo].[COUNTRY] ([Id], [Name], [Path], [CreatedDate], [UpdatedDate]) VALUES (N'c7bcc0b6-e811-4b4c-adde-08b6dcad1986', N'Lotyšsko', N'/Content/images/flags/lithuania.jpg', CURRENT_TIMESTAMP, CURRENT_TIMESTAMP)
INSERT INTO [dbo].[COUNTRY] ([Id], [Name], [Path], [CreatedDate], [UpdatedDate]) VALUES (N'de56d6a6-154b-4116-9762-1a40ab697fdb', N'Malta', N'/Content/images/flags/malta.jpg', CURRENT_TIMESTAMP, CURRENT_TIMESTAMP)
INSERT INTO [dbo].[COUNTRY] ([Id], [Name], [Path], [CreatedDate], [UpdatedDate]) VALUES (N'7e3a5eb8-56f4-4f40-9fc0-1c7e5a844688', N'Bulharsko', N'/Content/images/flags/bulgaria.jpg', CURRENT_TIMESTAMP, CURRENT_TIMESTAMP)
INSERT INTO [dbo].[COUNTRY] ([Id], [Name], [Path], [CreatedDate], [UpdatedDate]) VALUES (N'd3258a34-4975-46c8-91de-2ebe62df6c52', N'Lichtenštejnsko', N'/Content/images/flags/lichtenstein.jpg', CURRENT_TIMESTAMP, CURRENT_TIMESTAMP)
INSERT INTO [dbo].[COUNTRY] ([Id], [Name], [Path], [CreatedDate], [UpdatedDate]) VALUES (N'3caf8fda-cce3-4de2-b73f-3197dfe2c53d', N'Německo', N'/Content/images/flags/germany.jpg', CURRENT_TIMESTAMP, CURRENT_TIMESTAMP)
INSERT INTO [dbo].[COUNTRY] ([Id], [Name], [Path], [CreatedDate], [UpdatedDate]) VALUES (N'e4b923da-ccca-4766-bd8d-3b0fb0585d72', N'Rusko', N'/Content/images/flags/russia.jpg', CURRENT_TIMESTAMP, CURRENT_TIMESTAMP)
INSERT INTO [dbo].[COUNTRY] ([Id], [Name], [Path], [CreatedDate], [UpdatedDate]) VALUES (N'de821109-29bc-436a-bfdf-45c1f88260ef', N'Maďarsko', N'/Content/images/flags/hungary.jpg', CURRENT_TIMESTAMP, CURRENT_TIMESTAMP)
INSERT INTO [dbo].[COUNTRY] ([Id], [Name], [Path], [CreatedDate], [UpdatedDate]) VALUES (N'b0970056-0507-45c6-92fb-510d4ec3b723', N'San Marino', N'/Content/images/flags/sanmarino.jpg', CURRENT_TIMESTAMP, CURRENT_TIMESTAMP)
INSERT INTO [dbo].[COUNTRY] ([Id], [Name], [Path], [CreatedDate], [UpdatedDate]) VALUES (N'7439b126-a1c2-4b72-ab81-5199efdd7835', N'Rakousko', N'/Content/images/flags/austria.jpg', CURRENT_TIMESTAMP, CURRENT_TIMESTAMP)
INSERT INTO [dbo].[COUNTRY] ([Id], [Name], [Path], [CreatedDate], [UpdatedDate]) VALUES (N'ff86cefd-f537-4581-93c0-60c54f434533', N'Srbsko', N'/Content/images/flags/serbia.jpg', CURRENT_TIMESTAMP, CURRENT_TIMESTAMP)
INSERT INTO [dbo].[COUNTRY] ([Id], [Name], [Path], [CreatedDate], [UpdatedDate]) VALUES (N'00d09974-4061-4084-9e5c-65d666890eda', N'Andora', N'/Content/images/flags/andorra.jpg', CURRENT_TIMESTAMP, CURRENT_TIMESTAMP)
INSERT INTO [dbo].[COUNTRY] ([Id], [Name], [Path], [CreatedDate], [UpdatedDate]) VALUES (N'e0bde086-9dda-414c-8bea-7649013e6488', N'Slovinsko', N'/Content/images/flags/slovenia.jpg', CURRENT_TIMESTAMP, CURRENT_TIMESTAMP)
INSERT INTO [dbo].[COUNTRY] ([Id], [Name], [Path], [CreatedDate], [UpdatedDate]) VALUES (N'ca758cdb-be74-492a-b821-7b1b7dfbb5a2', N'Norsko', N'/Content/images/flags/norway.jpg', CURRENT_TIMESTAMP, CURRENT_TIMESTAMP)
INSERT INTO [dbo].[COUNTRY] ([Id], [Name], [Path], [CreatedDate], [UpdatedDate]) VALUES (N'a72a85b7-0801-4c79-97c2-7cc96c254bf7', N'Nizozemí', N'/Content/images/flags/netherlands.jpg', CURRENT_TIMESTAMP, CURRENT_TIMESTAMP)
INSERT INTO [dbo].[COUNTRY] ([Id], [Name], [Path], [CreatedDate], [UpdatedDate]) VALUES (N'd3371d82-36c2-4b6c-a0e5-7d6decd259fa', N'Velká Británie', N'/Content/images/flags/gb.jpg', CURRENT_TIMESTAMP, CURRENT_TIMESTAMP)
INSERT INTO [dbo].[COUNTRY] ([Id], [Name], [Path], [CreatedDate], [UpdatedDate]) VALUES (N'14024a38-1e56-481f-ad5e-7ec7e35d4dfd', N'Lucembursko', N'/Content/images/flags/luxembourg.jpg', CURRENT_TIMESTAMP, CURRENT_TIMESTAMP)
INSERT INTO [dbo].[COUNTRY] ([Id], [Name], [Path], [CreatedDate], [UpdatedDate]) VALUES (N'446e64f9-7743-4528-ad09-832d0731e79f', N'Švédsko', N'/Content/images/flags/sweden.jpg', CURRENT_TIMESTAMP, CURRENT_TIMESTAMP)
INSERT INTO [dbo].[COUNTRY] ([Id], [Name], [Path], [CreatedDate], [UpdatedDate]) VALUES (N'0b51bbaf-ef8e-4ae1-8c73-860751bddaaa', N'Japonsko', N'/Content/images/flags/japan.jpg', CURRENT_TIMESTAMP, CURRENT_TIMESTAMP)
INSERT INTO [dbo].[COUNTRY] ([Id], [Name], [Path], [CreatedDate], [UpdatedDate]) VALUES (N'df03a970-ba3c-48d1-a900-8935f88d0d16', N'Estonsko', N'/Content/images/flags/estonia.jpg', CURRENT_TIMESTAMP, CURRENT_TIMESTAMP)
INSERT INTO [dbo].[COUNTRY] ([Id], [Name], [Path], [CreatedDate], [UpdatedDate]) VALUES (N'77f68949-6edf-437d-926c-8ee0fbdcb669', N'Egypt', N'/Content/images/flags/egypt.jpg', CURRENT_TIMESTAMP, CURRENT_TIMESTAMP)
INSERT INTO [dbo].[COUNTRY] ([Id], [Name], [Path], [CreatedDate], [UpdatedDate]) VALUES (N'10a7b4a0-1b77-45a8-923a-915e559fe62a', N'Bělorusko', N'/Content/images/flags/belarus.jpg', CURRENT_TIMESTAMP, CURRENT_TIMESTAMP)
INSERT INTO [dbo].[COUNTRY] ([Id], [Name], [Path], [CreatedDate], [UpdatedDate]) VALUES (N'e6f655b4-8d88-486b-abeb-91b57cd0eee5', N'Turecko', N'/Content/images/flags/turkey.jpg', CURRENT_TIMESTAMP, CURRENT_TIMESTAMP)
INSERT INTO [dbo].[COUNTRY] ([Id], [Name], [Path], [CreatedDate], [UpdatedDate]) VALUES (N'c22de903-3964-41dc-9778-97499e46f07c', N'Švýcarsko', N'/Content/images/flags/switzerland.jpg', CURRENT_TIMESTAMP, CURRENT_TIMESTAMP)
INSERT INTO [dbo].[COUNTRY] ([Id], [Name], [Path], [CreatedDate], [UpdatedDate]) VALUES (N'56c6f73f-17d3-41c6-b0af-9b2252239866', N'Chorvatsko', N'/Content/images/flags/croatia.jpg', CURRENT_TIMESTAMP, CURRENT_TIMESTAMP)
INSERT INTO [dbo].[COUNTRY] ([Id], [Name], [Path], [CreatedDate], [UpdatedDate]) VALUES (N'2cde72c6-bae9-45d4-a7e1-9dabd7922ca6', N'Portugalsko', N'/Content/images/flags/portugal.jpg', CURRENT_TIMESTAMP, CURRENT_TIMESTAMP)
INSERT INTO [dbo].[COUNTRY] ([Id], [Name], [Path], [CreatedDate], [UpdatedDate]) VALUES (N'f5d811f1-1949-4f64-904d-9ef7d2b68596', N'Francie', N'/Content/images/flags/france.jpg', CURRENT_TIMESTAMP, CURRENT_TIMESTAMP)
INSERT INTO [dbo].[COUNTRY] ([Id], [Name], [Path], [CreatedDate], [UpdatedDate]) VALUES (N'd7dcf43d-69d8-4654-b945-a0df4b633afc', N'Litva', N'/Content/images/flags/latvia.jpg', CURRENT_TIMESTAMP, CURRENT_TIMESTAMP)
INSERT INTO [dbo].[COUNTRY] ([Id], [Name], [Path], [CreatedDate], [UpdatedDate]) VALUES (N'9f72d5f2-75ee-4d27-9605-a806f96bd54d', N'Řecko', N'/Content/images/flags/greece.jpg', CURRENT_TIMESTAMP, CURRENT_TIMESTAMP)
INSERT INTO [dbo].[COUNTRY] ([Id], [Name], [Path], [CreatedDate], [UpdatedDate]) VALUES (N'05c1f542-6337-4783-98f4-ad3c01ad8668', N'USA', N'/Content/images/flags/usa.jpg', CURRENT_TIMESTAMP, CURRENT_TIMESTAMP)
INSERT INTO [dbo].[COUNTRY] ([Id], [Name], [Path], [CreatedDate], [UpdatedDate]) VALUES (N'ae019609-99e0-4ef5-85bb-ad90dc302e70', N'Albánie', N'/Content/images/flags/albania.jpg', CURRENT_TIMESTAMP, CURRENT_TIMESTAMP)
INSERT INTO [dbo].[COUNTRY] ([Id], [Name], [Path], [CreatedDate], [UpdatedDate]) VALUES (N'3fa0fc96-1c01-4b6c-8b9b-ae4e9d927a41', N'Dánsko', N'/Content/images/flags/denmark.jpg', CURRENT_TIMESTAMP, CURRENT_TIMESTAMP)
INSERT INTO [dbo].[COUNTRY] ([Id], [Name], [Path], [CreatedDate], [UpdatedDate]) VALUES (N'8f204c4d-a622-418d-9dc4-b7a83c31b69b', N'Finsko', N'/Content/images/flags/finland.jpg', CURRENT_TIMESTAMP, CURRENT_TIMESTAMP)
INSERT INTO [dbo].[COUNTRY] ([Id], [Name], [Path], [CreatedDate], [UpdatedDate]) VALUES (N'e03e4291-0dae-4ce6-87a5-c95703fc0105', N'Španělsko', N'/Content/images/flags/spain.jpg', CURRENT_TIMESTAMP, CURRENT_TIMESTAMP)
INSERT INTO [dbo].[COUNTRY] ([Id], [Name], [Path], [CreatedDate], [UpdatedDate]) VALUES (N'a44cb139-96da-4509-a38a-cc1c67df8062', N'Polsko', N'/Content/images/flags/poland.jpg', CURRENT_TIMESTAMP, CURRENT_TIMESTAMP)
INSERT INTO [dbo].[COUNTRY] ([Id], [Name], [Path], [CreatedDate], [UpdatedDate]) VALUES (N'cedb61bc-9489-49c4-a48d-d88734d057b1', N'Arménie', N'/Content/images/flags/armenia.jpg', CURRENT_TIMESTAMP, CURRENT_TIMESTAMP)
INSERT INTO [dbo].[COUNTRY] ([Id], [Name], [Path], [CreatedDate], [UpdatedDate]) VALUES (N'f3d05d32-f496-432e-ba2f-d8b95a2a343c', N'Austrálie', N'/Content/images/flags/australia.jpg', CURRENT_TIMESTAMP, CURRENT_TIMESTAMP)
INSERT INTO [dbo].[COUNTRY] ([Id], [Name], [Path], [CreatedDate], [UpdatedDate]) VALUES (N'be77d63c-b3db-41e3-a234-ddaedf06bf87', N'Kanada', N'/Content/images/flags/canada.jpg', CURRENT_TIMESTAMP, CURRENT_TIMESTAMP)
INSERT INTO [dbo].[COUNTRY] ([Id], [Name], [Path], [CreatedDate], [UpdatedDate]) VALUES (N'8698e3b5-bb52-42a7-9274-df58745eba50', N'Čína', N'/Content/images/flags/china.jpg', CURRENT_TIMESTAMP, CURRENT_TIMESTAMP)
INSERT INTO [dbo].[COUNTRY] ([Id], [Name], [Path], [CreatedDate], [UpdatedDate]) VALUES (N'69ee91d6-871d-494f-abbe-ea5133d82eff', N'Itálie', N'/Content/images/flags/italy.jpg', CURRENT_TIMESTAMP, CURRENT_TIMESTAMP)
INSERT INTO [dbo].[COUNTRY] ([Id], [Name], [Path], [CreatedDate], [UpdatedDate]) VALUES (N'46d55baa-c6f3-4605-be83-edc54c32d5c4', N'Ukrajina', N'/Content/images/flags/ukraine.jpg', CURRENT_TIMESTAMP, CURRENT_TIMESTAMP)
INSERT INTO [dbo].[COUNTRY] ([Id], [Name], [Path], [CreatedDate], [UpdatedDate]) VALUES (N'6f937d0b-0400-4555-91e4-f0dd15fe3aee', N'Irsko', N'/Content/images/flags/ireland.jpg', CURRENT_TIMESTAMP, CURRENT_TIMESTAMP)
INSERT INTO [dbo].[COUNTRY] ([Id], [Name], [Path], [CreatedDate], [UpdatedDate]) VALUES (N'bd6172c6-3338-4d89-bbc6-f5e0ea517d30', N'Česká republika', N'/Content/images/flags/czech.jpg', CURRENT_TIMESTAMP, CURRENT_TIMESTAMP)
INSERT INTO [dbo].[COUNTRY] ([Id], [Name], [Path], [CreatedDate], [UpdatedDate]) VALUES (N'885ce4ce-f93f-41b1-acfb-f76dfb9149f0', N'Belgie', N'/Content/images/flags/belgium.jpg', CURRENT_TIMESTAMP, CURRENT_TIMESTAMP)
INSERT INTO [dbo].[COUNTRY] ([Id], [Name], [Path], [CreatedDate], [UpdatedDate]) VALUES (N'072faa93-a9eb-452a-95fe-fcbdef86e5c8', N'Jordánsko', N'/Content/images/flags/jordan.jpg', CURRENT_TIMESTAMP, CURRENT_TIMESTAMP)
INSERT INTO [dbo].[COUNTRY] ([Id], [Name], [Path], [CreatedDate], [UpdatedDate]) VALUES (N'187035dc-268a-4516-9bbb-fd3eb357a994', N'Kuba', N'/Content/images/flags/cuba.jpg', CURRENT_TIMESTAMP, CURRENT_TIMESTAMP)
INSERT INTO [dbo].[COUNTRY] ([Id], [Name], [Path], [CreatedDate], [UpdatedDate]) VALUES (N'90a2d75e-02fd-4b43-bbab-ff83dad99869', N'Island', N'/Content/images/flags/iceland.jpg', CURRENT_TIMESTAMP, CURRENT_TIMESTAMP)
INSERT INTO [dbo].[COUNTRY] ([Id], [Name], [Path], [CreatedDate], [UpdatedDate]) VALUES (N'f5de4df3-2be6-4323-99de-ff97048c3dcf', N'Slovensko', N'/Content/images/flags/slovakia.jpg', CURRENT_TIMESTAMP, CURRENT_TIMESTAMP)


/* ROLE */
INSERT INTO [dbo].[ROLE] ([Id], [Name], [DojoCreation], [UserCreation], [RoleCreation], [MenuCreation], [CreateUpdateDeleteAll], [CreatedDate], [UpdatedDate]) VALUES(N'90cfe19d-7bdc-49d1-bf6c-a5358506d99e', N'SuperAdmin', 1, 1, 1, 1, 1, CURRENT_TIMESTAMP, CURRENT_TIMESTAMP)


/* DOJO */
INSERT INTO [dbo].[USER_DEFINABLE] ([Id], [Public], [CreatedDate], [UpdatedDate]) VALUES(N'698cf350-8882-43c9-97e4-4da63b6262b9', 1, CURRENT_TIMESTAMP, CURRENT_TIMESTAMP)
INSERT INTO [dbo].[DOJO] ([Id], [Name], [Description], [BuiltIn], [OrganizationType], [CivicAssociationRegistration], [Ic], [Email], [Facebook]) VALUES (N'698cf350-8882-43c9-97e4-4da63b6262b9', N'Bujinkan Czech Dojo', NULL, 1, 1, N'L 8273 vedená u Městského soudu v Praze', N'72086874', N'office@bujinkan.cz', N'https://www.facebook.com/BujinkanCzechDojo')


/* USER */
INSERT INTO [dbo].[USER_DEFINABLE] ([Id], [Public], [CreatedDate], [UpdatedDate]) VALUES(N'1783fb6f-8b1c-4250-9500-ebfe43630e38', 1, CURRENT_TIMESTAMP, CURRENT_TIMESTAMP)
INSERT INTO [dbo].[USER] ([Id], [BujinkanTitle], [FirstName], [Surname], [RoleId], [Email], [Description], [Password], [CountryId], [Order], [DojoId]) VALUES (N'1783fb6f-8b1c-4250-9500-ebfe43630e38', 1, N'Jaromír', N'Krpec', N'90cfe19d-7bdc-49d1-bf6c-a5358506d99e', N'krpec.jaromir@seznam.cz', NULL, N'1000:kuRr/u5EQZuW7efGctOXAH4XHgRVw+bM:bdtUlqOfAdedpjBBvgCWH2392dAjd/aA', N'bd6172c6-3338-4d89-bbc6-f5e0ea517d30', 1, N'698cf350-8882-43c9-97e4-4da63b6262b9')


/* BLOG CATEGORY */
INSERT INTO [dbo].[USER_DEFINABLE] ([Id], [Public], [CreatedDate], [UpdatedDate]) VALUES(N'f0b1e165-5cbd-4ba0-9d4c-0e65c6598928', 1, CURRENT_TIMESTAMP, CURRENT_TIMESTAMP)
INSERT INTO [dbo].[CATEGORY] ([Id], [Name], [BuiltIn], [Discriminator]) VALUES(N'f0b1e165-5cbd-4ba0-9d4c-0e65c6598928', N'Samostatný článek', 1, N'BLOG')
INSERT INTO [dbo].[USER_DEFINABLE] ([Id], [Public], [CreatedDate], [UpdatedDate]) VALUES(N'3934e7af-25fc-4b2c-9e22-4f9a8ac472d5', 1, CURRENT_TIMESTAMP, CURRENT_TIMESTAMP)
INSERT INTO [dbo].[CATEGORY] ([Id], [Name], [BuiltIn], [Discriminator]) VALUES(N'3934e7af-25fc-4b2c-9e22-4f9a8ac472d5', N'Příběhy studentů', 1, N'BLOG')
INSERT INTO [dbo].[USER_DEFINABLE] ([Id], [Public], [CreatedDate], [UpdatedDate]) VALUES(N'c4b10004-89fd-4f1e-9e09-ecb594b79e0f', 1, CURRENT_TIMESTAMP, CURRENT_TIMESTAMP)
INSERT INTO [dbo].[CATEGORY] ([Id], [Name], [BuiltIn], [Discriminator]) VALUES(N'c4b10004-89fd-4f1e-9e09-ecb594b79e0f', N'Ohlasy dětí', 1, N'BLOG')


/* BLOG */
INSERT INTO [dbo].[USER_DEFINABLE] ([Id], [UserCreatorId], [Public], [CreatedDate], [UpdatedDate]) VALUES(N'41ad32ed-a857-43a1-b181-f65ad07f80fc', N'1783fb6f-8b1c-4250-9500-ebfe43630e38', 1, CURRENT_TIMESTAMP, CURRENT_TIMESTAMP)
INSERT INTO [dbo].[BLOG] ([Id], [Name], [Description], [BuiltIn], [CategoryId]) VALUES(N'41ad32ed-a857-43a1-b181-f65ad07f80fc', N'Je Bujinkan pro Vás', N'-', 1, N'f0b1e165-5cbd-4ba0-9d4c-0e65c6598928')


INSERT INTO [dbo].[USER_DEFINABLE] ([Id], [UserCreatorId], [Public], [CreatedDate], [UpdatedDate]) VALUES(N'c18f2a11-f593-44b5-9cd2-8dfc4eefa74b', N'1783fb6f-8b1c-4250-9500-ebfe43630e38', 1, CURRENT_TIMESTAMP, CURRENT_TIMESTAMP)
INSERT INTO [dbo].[BLOG] ([Id], [Name], [Description], [BuiltIn], [CategoryId]) VALUES(N'c18f2a11-f593-44b5-9cd2-8dfc4eefa74b', N'Historie a vývoj Bujinkanu', N'-', 1, N'f0b1e165-5cbd-4ba0-9d4c-0e65c6598928')


INSERT INTO [dbo].[USER_DEFINABLE] ([Id], [UserCreatorId], [Public], [CreatedDate], [UpdatedDate]) VALUES(N'5ef11f5f-c5f3-4eef-a993-60bc8674961c', N'1783fb6f-8b1c-4250-9500-ebfe43630e38', 1, CURRENT_TIMESTAMP, CURRENT_TIMESTAMP)
INSERT INTO [dbo].[BLOG] ([Id], [Name], [Description], [BuiltIn], [CategoryId]) VALUES(N'5ef11f5f-c5f3-4eef-a993-60bc8674961c', N'Soké Masaaki Hatsumi', N'-', 1, N'f0b1e165-5cbd-4ba0-9d4c-0e65c6598928')


INSERT INTO [dbo].[USER_DEFINABLE] ([Id], [UserCreatorId], [Public], [CreatedDate], [UpdatedDate]) VALUES(N'663f5037-f984-4af5-a9d0-74af5a73ba04', N'1783fb6f-8b1c-4250-9500-ebfe43630e38', 1, CURRENT_TIMESTAMP, CURRENT_TIMESTAMP)
INSERT INTO [dbo].[BLOG] ([Id], [Name], [Description], [BuiltIn], [CategoryId]) VALUES(N'663f5037-f984-4af5-a9d0-74af5a73ba04', N'Než půjdu na trénink', N'-', 1, N'f0b1e165-5cbd-4ba0-9d4c-0e65c6598928')


INSERT INTO [dbo].[USER_DEFINABLE] ([Id], [UserCreatorId], [Public], [CreatedDate], [UpdatedDate]) VALUES(N'd5c0fa84-dcb5-44f2-a2f9-4d4ffdd69db7', N'1783fb6f-8b1c-4250-9500-ebfe43630e38', 1, CURRENT_TIMESTAMP, CURRENT_TIMESTAMP)
INSERT INTO [dbo].[BLOG] ([Id], [Name], [Description], [BuiltIn], [CategoryId]) VALUES(N'd5c0fa84-dcb5-44f2-a2f9-4d4ffdd69db7', N'Náplň tréninku', N'-', 1, N'f0b1e165-5cbd-4ba0-9d4c-0e65c6598928')

INSERT INTO [dbo].[USER_DEFINABLE] ([Id], [UserCreatorId], [Public], [CreatedDate], [UpdatedDate]) VALUES(N'6d47e299-03a9-4013-b6c1-32c7c6bfa215', N'1783fb6f-8b1c-4250-9500-ebfe43630e38', 1, CURRENT_TIMESTAMP, CURRENT_TIMESTAMP)
INSERT INTO [dbo].[BLOG] ([Id], [Name], [Description], [BuiltIn], [CategoryId]) VALUES(N'6d47e299-03a9-4013-b6c1-32c7c6bfa215', N'Uplatnění v oborech', N'-', 1, N'f0b1e165-5cbd-4ba0-9d4c-0e65c6598928')

INSERT INTO [dbo].[USER_DEFINABLE] ([Id], [UserCreatorId], [Public], [CreatedDate], [UpdatedDate]) VALUES(N'2d06106c-a6ff-4221-8d62-fb2698080682', N'1783fb6f-8b1c-4250-9500-ebfe43630e38', 1, CURRENT_TIMESTAMP, CURRENT_TIMESTAMP)
INSERT INTO [dbo].[BLOG] ([Id], [Name], [Description], [BuiltIn], [CategoryId]) VALUES(N'2d06106c-a6ff-4221-8d62-fb2698080682', N'Pravidla', N'-', 1, N'f0b1e165-5cbd-4ba0-9d4c-0e65c6598928')


INSERT INTO [dbo].[USER_DEFINABLE] ([Id], [UserCreatorId], [Public], [CreatedDate], [UpdatedDate]) VALUES(N'b8c2df14-316d-4bbc-b13b-6e2b4dd9b42e', N'1783fb6f-8b1c-4250-9500-ebfe43630e38', 1, CURRENT_TIMESTAMP, CURRENT_TIMESTAMP)
INSERT INTO [dbo].[BLOG] ([Id], [Name], [Description], [BuiltIn], [CategoryId]) VALUES(N'b8c2df14-316d-4bbc-b13b-6e2b4dd9b42e', N'Informace pro rodiče', N'-', 1, N'f0b1e165-5cbd-4ba0-9d4c-0e65c6598928')

INSERT INTO [dbo].[USER_DEFINABLE] ([Id], [UserCreatorId], [Public], [CreatedDate], [UpdatedDate]) VALUES(N'025ad244-0c02-477d-b40d-18d1e92025e5', N'1783fb6f-8b1c-4250-9500-ebfe43630e38', 1, CURRENT_TIMESTAMP, CURRENT_TIMESTAMP)
INSERT INTO [dbo].[BLOG] ([Id], [Name], [Description], [BuiltIn], [CategoryId]) VALUES(N'025ad244-0c02-477d-b40d-18d1e92025e5', N'Co bude dítě potřebovat', N'-', 1, N'f0b1e165-5cbd-4ba0-9d4c-0e65c6598928')


INSERT INTO [dbo].[USER_DEFINABLE] ([Id], [UserCreatorId], [Public], [CreatedDate], [UpdatedDate]) VALUES(N'da965e9e-a8e4-46e7-b3f9-9bb44de7fbd1', N'1783fb6f-8b1c-4250-9500-ebfe43630e38', 1, CURRENT_TIMESTAMP, CURRENT_TIMESTAMP)
INSERT INTO [dbo].[BLOG] ([Id], [Name], [Description], [BuiltIn], [CategoryId]) VALUES(N'da965e9e-a8e4-46e7-b3f9-9bb44de7fbd1', N'Sponzorství', N'-', 1, N'f0b1e165-5cbd-4ba0-9d4c-0e65c6598928')

INSERT INTO [dbo].[USER_DEFINABLE] ([Id], [UserCreatorId], [Public], [CreatedDate], [UpdatedDate]) VALUES(N'3c1f8aa4-f254-4619-9b2b-3e83ac38f16b', N'1783fb6f-8b1c-4250-9500-ebfe43630e38', 1, CURRENT_TIMESTAMP, CURRENT_TIMESTAMP)
INSERT INTO [dbo].[BLOG] ([Id], [Name], [Description], [BuiltIn], [CategoryId]) VALUES(N'3c1f8aa4-f254-4619-9b2b-3e83ac38f16b', N'Studium v Japonsku', N'-', 1, N'f0b1e165-5cbd-4ba0-9d4c-0e65c6598928')

INSERT INTO [dbo].[USER_DEFINABLE] ([Id], [UserCreatorId], [Public], [CreatedDate], [UpdatedDate]) VALUES(N'22942bfc-a8a6-4b7f-b523-aa1b48cea028', N'1783fb6f-8b1c-4250-9500-ebfe43630e38', 1, CURRENT_TIMESTAMP, CURRENT_TIMESTAMP)
INSERT INTO [dbo].[BLOG] ([Id], [Name], [Description], [BuiltIn], [CategoryId]) VALUES(N'22942bfc-a8a6-4b7f-b523-aa1b48cea028', N'Jissen', N'-', 1, N'f0b1e165-5cbd-4ba0-9d4c-0e65c6598928')

INSERT INTO [dbo].[USER_DEFINABLE] ([Id], [UserCreatorId], [Public], [CreatedDate], [UpdatedDate]) VALUES(N'8f7a9387-edaa-4236-b1e3-0fc1e5fde907}', N'1783fb6f-8b1c-4250-9500-ebfe43630e38', 1, CURRENT_TIMESTAMP, CURRENT_TIMESTAMP)
INSERT INTO [dbo].[BLOG] ([Id], [Name], [Description], [BuiltIn], [CategoryId]) VALUES(N'8f7a9387-edaa-4236-b1e3-0fc1e5fde907', N'Rentaikai', N'-', 1, N'f0b1e165-5cbd-4ba0-9d4c-0e65c6598928')


INSERT INTO [dbo].[USER_DEFINABLE] ([Id], [UserCreatorId], [Public], [CreatedDate], [UpdatedDate]) VALUES(N'deafe0e0-5747-4dc1-854a-e6279a8b16bd', N'1783fb6f-8b1c-4250-9500-ebfe43630e38', 1, CURRENT_TIMESTAMP, CURRENT_TIMESTAMP)
INSERT INTO [dbo].[BLOG] ([Id], [Name], [Description], [BuiltIn], [CategoryId]) VALUES(N'deafe0e0-5747-4dc1-854a-e6279a8b16bd', N'Umění nebo sport?', N'-', 1, N'f0b1e165-5cbd-4ba0-9d4c-0e65c6598928')

INSERT INTO [dbo].[USER_DEFINABLE] ([Id], [UserCreatorId], [Public], [CreatedDate], [UpdatedDate]) VALUES(N'c2d1525c-2a26-45c8-abe9-5c5c37104f0d', N'1783fb6f-8b1c-4250-9500-ebfe43630e38', 1, CURRENT_TIMESTAMP, CURRENT_TIMESTAMP)
INSERT INTO [dbo].[BLOG] ([Id], [Name], [Description], [BuiltIn], [CategoryId]) VALUES(N'c2d1525c-2a26-45c8-abe9-5c5c37104f0d', N'Typy bojových umění', N'-', 1, N'f0b1e165-5cbd-4ba0-9d4c-0e65c6598928')

INSERT INTO [dbo].[USER_DEFINABLE] ([Id], [UserCreatorId], [Public], [CreatedDate], [UpdatedDate]) VALUES(N'da10a6b0-f735-4e17-9928-6571c230be06', N'1783fb6f-8b1c-4250-9500-ebfe43630e38', 1, CURRENT_TIMESTAMP, CURRENT_TIMESTAMP)
INSERT INTO [dbo].[BLOG] ([Id], [Name], [Description], [BuiltIn], [CategoryId]) VALUES(N'da10a6b0-f735-4e17-9928-6571c230be06', N'Specifika bujinkanu', N'-', 1, N'f0b1e165-5cbd-4ba0-9d4c-0e65c6598928')


INSERT INTO [dbo].[USER_DEFINABLE] ([Id], [UserCreatorId], [Public], [CreatedDate], [UpdatedDate]) VALUES(N'1ec3b993-c94c-4be7-aa4a-bc0067892fb3', N'1783fb6f-8b1c-4250-9500-ebfe43630e38', 1, CURRENT_TIMESTAMP, CURRENT_TIMESTAMP)
INSERT INTO [dbo].[BLOG] ([Id], [Name], [Description], [BuiltIn], [CategoryId]) VALUES(N'1ec3b993-c94c-4be7-aa4a-bc0067892fb3', N' O Bujinkan Czech Dojo', N'-', 1, N'f0b1e165-5cbd-4ba0-9d4c-0e65c6598928')

/* MENU ITEM */


/* TODO CHECK */
INSERT INTO [dbo].[MENU_ITEM] ([Id], [Name], [Url], [BuiltIn], [Order], [EntityType], [AssociationType], [Level], [ParentMenuItemId], [UserDefinableId], [CreatedDate], [UpdatedDate]) VALUES ('aa9672f1-8e99-4114-b7b3-68a1da3968fd', N'Úvod', N'/home', 0, 1, 0, 2, 0, NULL, NULL, '20170113 08:42:43', '20170117 12:54:59')

INSERT INTO [dbo].[MENU_ITEM] ([Id], [Name], [Url], [BuiltIn], [Order], [EntityType], [AssociationType], [Level], [ParentMenuItemId], [UserDefinableId], [CreatedDate], [UpdatedDate]) VALUES ('d2ae8fb2-24c0-4103-bb50-37bc74331d78', N'Bujinkan', NULL, 0, 2, 0, 2, 0, NULL, NULL, '20170113 08:43:40', '20170124 22:45:17')

INSERT INTO [dbo].[MENU_ITEM] ([Id], [Name], [Url], [BuiltIn], [Order], [EntityType], [AssociationType], [Level], [ParentMenuItemId], [UserDefinableId], [CreatedDate], [UpdatedDate]) VALUES ('d57bb292-aa53-4096-aac4-a9cf7a44b0c3', N'Bujinkan pod lupou', NULL, 0, 1, 0, 1, 1, 'd2ae8fb2-24c0-4103-bb50-37bc74331d78', NULL, '20170113 08:43:40', '20170124 22:45:17')
INSERT INTO [dbo].[MENU_ITEM] ([Id], [Name], [Url], [BuiltIn], [Order], [EntityType], [AssociationType], [Level], [ParentMenuItemId], [UserDefinableId], [CreatedDate], [UpdatedDate]) VALUES ('066468fa-0b0f-4686-baa5-e29847d83b61', N'Je Bujinkan pro Vás', N'/blog/Details/41ad32ed-a857-43a1-b181-f65ad07f80fc', 0, 1, 2, 4, 2, 'd57bb292-aa53-4096-aac4-a9cf7a44b0c3', '41ad32ed-a857-43a1-b181-f65ad07f80fc', '20170113 08:45:18', '20170117 11:25:57')
INSERT INTO [dbo].[MENU_ITEM] ([Id], [Name], [Url], [BuiltIn], [Order], [EntityType], [AssociationType], [Level], [ParentMenuItemId], [UserDefinableId], [CreatedDate], [UpdatedDate]) VALUES ('375d4438-1a9a-4d6b-b0fd-2b80f9fd0f63', N'Historie a vývoj Bujinkanu', N'/blog/Details/c18f2a11-f593-44b5-9cd2-8dfc4eefa74b', 0, 2, 2, 4, 2, 'd57bb292-aa53-4096-aac4-a9cf7a44b0c3', 'c18f2a11-f593-44b5-9cd2-8dfc4eefa74b', '20170113 08:45:32', '20170113 08:49:16')
INSERT INTO [dbo].[MENU_ITEM] ([Id], [Name], [Url], [BuiltIn], [Order], [EntityType], [AssociationType], [Level], [ParentMenuItemId], [UserDefinableId], [CreatedDate], [UpdatedDate]) VALUES ('2501d2cf-35d2-488e-a64c-bf375b795235', N'Soké Masaaki Hatsumi', N'/blog/Details/5ef11f5f-c5f3-4eef-a993-60bc8674961c', 0, 3, 2, 4, 2, 'd57bb292-aa53-4096-aac4-a9cf7a44b0c3', '5ef11f5f-c5f3-4eef-a993-60bc8674961c', '20170113 08:45:40', '20170117 11:26:09')

INSERT INTO [dbo].[MENU_ITEM] ([Id], [Name], [Url], [BuiltIn], [Order], [EntityType], [AssociationType], [Level], [ParentMenuItemId], [UserDefinableId], [CreatedDate], [UpdatedDate]) VALUES ('d6089df4-6f82-4941-89ae-034854f47644', N'Trénink a rozvoj', NULL, 0, 2, 0, 1, 1, 'd2ae8fb2-24c0-4103-bb50-37bc74331d78', NULL, '20170113 08:43:48', '20170113 08:44:34')
INSERT INTO [dbo].[MENU_ITEM] ([Id], [Name], [Url], [BuiltIn], [Order], [EntityType], [AssociationType], [Level], [ParentMenuItemId], [UserDefinableId], [CreatedDate], [UpdatedDate]) VALUES ('232ccd3f-66bf-4ad1-9355-0216f9899d7f', N'Než půjdu na trénink', N'/blog/Details/663f5037-f984-4af5-a9d0-74af5a73ba04', 0, 1, 2, 4, 2, 'd6089df4-6f82-4941-89ae-034854f47644', '663f5037-f984-4af5-a9d0-74af5a73ba04', '20170113 08:45:50', '20170117 11:26:23')
INSERT INTO [dbo].[MENU_ITEM] ([Id], [Name], [Url], [BuiltIn], [Order], [EntityType], [AssociationType], [Level], [ParentMenuItemId], [UserDefinableId], [CreatedDate], [UpdatedDate]) VALUES ('2150b834-721b-4cba-b06a-b33d4dd254b9', N'Náplň tréninku', N'/blog/Details/d5c0fa84-dcb5-44f2-a2f9-4d4ffdd69db7', 0, 2, 2, 4, 2, 'd6089df4-6f82-4941-89ae-034854f47644', 'd5c0fa84-dcb5-44f2-a2f9-4d4ffdd69db7', '20170113 08:45:56', '20170117 11:26:32')
INSERT INTO [dbo].[MENU_ITEM] ([Id], [Name], [Url], [BuiltIn], [Order], [EntityType], [AssociationType], [Level], [ParentMenuItemId], [UserDefinableId], [CreatedDate], [UpdatedDate]) VALUES ('93e60554-f4d5-4f0f-a40b-78e1d5981670', N'Příběhy studentů', NULL, 0, 3, 0, 0, 2, 'd6089df4-6f82-4941-89ae-034854f47644', NULL, '20170113 08:46:06', '20170113 08:46:06')
INSERT INTO [dbo].[MENU_ITEM] ([Id], [Name], [Url], [BuiltIn], [Order], [EntityType], [AssociationType], [Level], [ParentMenuItemId], [UserDefinableId], [CreatedDate], [UpdatedDate]) VALUES ('f40dd3d8-0cfc-46f6-8024-3ea6a6b179d8', N'Uplatnění v oborech', N'/blog/Details/6d47e299-03a9-4013-b6c1-32c7c6bfa215', 0, 4, 2, 4, 2, 'd6089df4-6f82-4941-89ae-034854f47644', '6d47e299-03a9-4013-b6c1-32c7c6bfa215', '20170113 08:46:17', '20170117 11:27:05')
INSERT INTO [dbo].[MENU_ITEM] ([Id], [Name], [Url], [BuiltIn], [Order], [EntityType], [AssociationType], [Level], [ParentMenuItemId], [UserDefinableId], [CreatedDate], [UpdatedDate]) VALUES ('7cf2a95c-12c8-4aaa-9251-8234fc1685a8', N'Pravidla', N'/blog/Details/2d06106c-a6ff-4221-8d62-fb2698080682', 0, 5, 2, 4, 2, 'd6089df4-6f82-4941-89ae-034854f47644', '2d06106c-a6ff-4221-8d62-fb2698080682', '20170113 08:46:32', '20170113 08:46:32')

INSERT INTO [dbo].[MENU_ITEM] ([Id], [Name], [Url], [BuiltIn], [Order], [EntityType], [AssociationType], [Level], [ParentMenuItemId], [UserDefinableId], [CreatedDate], [UpdatedDate]) VALUES ('b02fc4af-3577-45e5-93fc-cb937d83a20b', N'Trénink pro děti', NULL, 0, 3, 2, 1, 1, 'd2ae8fb2-24c0-4103-bb50-37bc74331d78', NULL, '20170113 08:43:57', '20170124 22:47:39')
INSERT INTO [dbo].[MENU_ITEM] ([Id], [Name], [Url], [BuiltIn], [Order], [EntityType], [AssociationType], [Level], [ParentMenuItemId], [UserDefinableId], [CreatedDate], [UpdatedDate]) VALUES ('8a94c3bb-7d2e-4a7f-91bf-a30940ece936', N'Informace pro rodiče', N'/blog/Details/b8c2df14-316d-4bbc-b13b-6e2b4dd9b42e', 0, 1, 2, 4, 2, 'b02fc4af-3577-45e5-93fc-cb937d83a20b', 'b8c2df14-316d-4bbc-b13b-6e2b4dd9b42e', '20170113 08:46:41', '20170117 11:27:20')
INSERT INTO [dbo].[MENU_ITEM] ([Id], [Name], [Url], [BuiltIn], [Order], [EntityType], [AssociationType], [Level], [ParentMenuItemId], [UserDefinableId], [CreatedDate], [UpdatedDate]) VALUES ('93515af5-3edd-470d-9c85-829a209e922e', N'Co bude dítě potřebovat', N'/blog/Details/025ad244-0c02-477d-b40d-18d1e92025e5', 0, 2, 2, 4, 2, 'b02fc4af-3577-45e5-93fc-cb937d83a20b', '025ad244-0c02-477d-b40d-18d1e92025e5', '20170113 08:46:52', '20170117 11:27:45')
INSERT INTO [dbo].[MENU_ITEM] ([Id], [Name], [Url], [BuiltIn], [Order], [EntityType], [AssociationType], [Level], [ParentMenuItemId], [UserDefinableId], [CreatedDate], [UpdatedDate]) VALUES ('2b7bcae7-7ea7-4a19-9379-2ff19f565908', N'Ohlasy dětí', N'/blog/Details/8e125063-0c65-4309-9f3f-7b230e56578b', 0, 3, 2, 4, 2, 'b02fc4af-3577-45e5-93fc-cb937d83a20b', NULL, '20170113 08:46:59', '20170117 11:27:56')

INSERT INTO [dbo].[MENU_ITEM] ([Id], [Name], [Url], [BuiltIn], [Order], [EntityType], [AssociationType], [Level], [ParentMenuItemId], [UserDefinableId], [CreatedDate], [UpdatedDate]) VALUES ('009422ef-ccba-4ad5-8ae5-719d84459d20', N'Vlastní aktivity', NULL, 0, 4, 0, 1, 1, 'd2ae8fb2-24c0-4103-bb50-37bc74331d78', NULL, '20170113 08:44:05', '20170113 08:44:26')
INSERT INTO [dbo].[MENU_ITEM] ([Id], [Name], [Url], [BuiltIn], [Order], [EntityType], [AssociationType], [Level], [ParentMenuItemId], [UserDefinableId], [CreatedDate], [UpdatedDate]) VALUES ('f250a22f-aba5-4a1c-8bf3-f26aaf99dd77', N'Knihy', N'/product/', 0, 1, 7, 3, 2, '009422ef-ccba-4ad5-8ae5-719d84459d20', NULL, '20170113 08:47:09', '20170117 11:28:06')
INSERT INTO [dbo].[MENU_ITEM] ([Id], [Name], [Url], [BuiltIn], [Order], [EntityType], [AssociationType], [Level], [ParentMenuItemId], [UserDefinableId], [CreatedDate], [UpdatedDate]) VALUES ('174143c5-3ce7-48b0-bc61-fa9ed337b1b6', N'Sponzorství', N'/blog/Details/da965e9e-a8e4-46e7-b3f9-9bb44de7fbd1', 0, 2, 2, 4, 2, '009422ef-ccba-4ad5-8ae5-719d84459d20', 'da965e9e-a8e4-46e7-b3f9-9bb44de7fbd1', '20170113 08:47:16', '20170117 11:28:14')
INSERT INTO [dbo].[MENU_ITEM] ([Id], [Name], [Url], [BuiltIn], [Order], [EntityType], [AssociationType], [Level], [ParentMenuItemId], [UserDefinableId], [CreatedDate], [UpdatedDate]) VALUES ('db551ad6-d0f6-4362-94b5-d8c3e5ebd87a', N'Studium v Japonsku', N'/blog/Details/3c1f8aa4-f254-4619-9b2b-3e83ac38f16b', 0, 3, 2, 4, 2, '009422ef-ccba-4ad5-8ae5-719d84459d20', '3c1f8aa4-f254-4619-9b2b-3e83ac38f16b', '20170113 08:47:24', '20170117 11:29:00')
INSERT INTO [dbo].[MENU_ITEM] ([Id], [Name], [Url], [BuiltIn], [Order], [EntityType], [AssociationType], [Level], [ParentMenuItemId], [UserDefinableId], [CreatedDate], [UpdatedDate]) VALUES ('560bf836-b3c0-4361-9713-ac910daf738a', N'Jissen', N'/blog/Details/22942bfc-a8a6-4b7f-b523-aa1b48cea028', 0, 4, 2, 4, 2, '009422ef-ccba-4ad5-8ae5-719d84459d20', '22942bfc-a8a6-4b7f-b523-aa1b48cea028', '20170113 08:47:29', '20170117 11:29:10')
INSERT INTO [dbo].[MENU_ITEM] ([Id], [Name], [Url], [BuiltIn], [Order], [EntityType], [AssociationType], [Level], [ParentMenuItemId], [UserDefinableId], [CreatedDate], [UpdatedDate]) VALUES ('1fb79470-a03b-4ac8-8f51-940d21033c62', N'Rentaikai', N'/blog/Details/8f7a9387-edaa-4236-b1e3-0fc1e5fde907', 0, 5, 2, 4, 2, '009422ef-ccba-4ad5-8ae5-719d84459d20', '8f7a9387-edaa-4236-b1e3-0fc1e5fde907', '20170113 08:47:34', '20170117 11:35:02')

INSERT INTO [dbo].[MENU_ITEM] ([Id], [Name], [Url], [BuiltIn], [Order], [EntityType], [AssociationType], [Level], [ParentMenuItemId], [UserDefinableId], [CreatedDate], [UpdatedDate]) VALUES ('f88c7b87-d8d7-44d3-80ea-5071927385b8', N'Jak vybrat bojové umění', NULL, 0, 3, 0, 0, 0, NULL, NULL, '20170113 08:43:06', '20170113 08:43:06')
INSERT INTO [dbo].[MENU_ITEM] ([Id], [Name], [Url], [BuiltIn], [Order], [EntityType], [AssociationType], [Level], [ParentMenuItemId], [UserDefinableId], [CreatedDate], [UpdatedDate]) VALUES ('b41d8fe7-55b3-439f-a40e-11f23d567ad9', N'Výběr bojového umění', NULL, 0, 1, 0, 1, 1, 'f88c7b87-d8d7-44d3-80ea-5071927385b8', NULL, '20170113 08:44:19', '20170113 08:44:19')
INSERT INTO [dbo].[MENU_ITEM] ([Id], [Name], [Url], [BuiltIn], [Order], [EntityType], [AssociationType], [Level], [ParentMenuItemId], [UserDefinableId], [CreatedDate], [UpdatedDate]) VALUES ('a3e6b715-e129-414d-a5b8-b5f7de452dd2', N'Umění nebo sport?', N'/blog/Details/deafe0e0-5747-4dc1-854a-e6279a8b16bd', 0, 1, 2, 4, 2, 'b41d8fe7-55b3-439f-a40e-11f23d567ad9', 'deafe0e0-5747-4dc1-854a-e6279a8b16bd', '20170113 08:47:43', '20170117 11:35:11')
INSERT INTO [dbo].[MENU_ITEM] ([Id], [Name], [Url], [BuiltIn], [Order], [EntityType], [AssociationType], [Level], [ParentMenuItemId], [UserDefinableId], [CreatedDate], [UpdatedDate]) VALUES ('d48a1e9b-06e1-44a0-8b17-1be73b12429e', N'Typy bojových umění', N'/blog/Details/c2d1525c-2a26-45c8-abe9-5c5c37104f0d', 0, 2, 2, 4, 2, 'b41d8fe7-55b3-439f-a40e-11f23d567ad9', 'c2d1525c-2a26-45c8-abe9-5c5c37104f0d', '20170113 08:47:51', '20170117 11:35:20')
INSERT INTO [dbo].[MENU_ITEM] ([Id], [Name], [Url], [BuiltIn], [Order], [EntityType], [AssociationType], [Level], [ParentMenuItemId], [UserDefinableId], [CreatedDate], [UpdatedDate]) VALUES ('93357445-d776-406d-b67e-ac8dc82734bd', N'Specifika Bujinkanu', N'/blog/Details/da10a6b0-f735-4e17-9928-6571c230be06', 0, 3, 2, 4, 2, 'b41d8fe7-55b3-439f-a40e-11f23d567ad9', 'da10a6b0-f735-4e17-9928-6571c230be06', '20170113 08:47:58', '20170117 11:35:28')


INSERT INTO [dbo].[MENU_ITEM] ([Id], [Name], [Url], [BuiltIn], [Order], [EntityType], [AssociationType], [Level], [ParentMenuItemId], [UserDefinableId], [CreatedDate], [UpdatedDate]) VALUES ('518baa3c-fc4f-44b6-baa1-48937c8ff279', N'Kalendář', NULL, 0, 4, 0, 0, 0, NULL, NULL, '20170113 08:43:13', '20170113 08:43:13')
INSERT INTO [dbo].[MENU_ITEM] ([Id], [Name], [Url], [BuiltIn], [Order], [EntityType], [AssociationType], [Level], [ParentMenuItemId], [UserDefinableId], [CreatedDate], [UpdatedDate]) VALUES ('00cc2726-de3e-47fe-b163-e7d0b18b69ec', N'Pořádané akce', NULL, 0, 1, 0, 1, 1, '518baa3c-fc4f-44b6-baa1-48937c8ff279', NULL, '20170113 08:44:44', '20170113 08:44:44')
INSERT INTO [dbo].[MENU_ITEM] ([Id], [Name], [Url], [BuiltIn], [Order], [EntityType], [AssociationType], [Level], [ParentMenuItemId], [UserDefinableId], [CreatedDate], [UpdatedDate]) VALUES ('667cb53d-c441-4692-9540-e2d89932cf86', N'Shihan Luboš Pokorný', NULL, 0, 1, 0, 0, 2, '00cc2726-de3e-47fe-b163-e7d0b18b69ec', NULL, '20170113 08:48:19', '20170113 08:48:19')
INSERT INTO [dbo].[MENU_ITEM] ([Id], [Name], [Url], [BuiltIn], [Order], [EntityType], [AssociationType], [Level], [ParentMenuItemId], [UserDefinableId], [CreatedDate], [UpdatedDate]) VALUES ('099b2260-0d37-48e7-b467-74461afc0ab5', N'Semináře BCD', N'/seminar/', 0, 2, 4, 3, 2, '00cc2726-de3e-47fe-b163-e7d0b18b69ec', NULL, '20170113 08:48:32', '20170113 08:48:32')

INSERT INTO [dbo].[MENU_ITEM] ([Id], [Name], [Url], [BuiltIn], [Order], [EntityType], [AssociationType], [Level], [ParentMenuItemId], [UserDefinableId], [CreatedDate], [UpdatedDate]) VALUES ('a80f23c0-d040-4758-85c7-b057ae80eac7', N'O nás', NULL, 0, 5, 0, 0, 0, NULL, NULL, '20170113 08:43:18', '20170113 08:43:18')
INSERT INTO [dbo].[MENU_ITEM] ([Id], [Name], [Url], [BuiltIn], [Order], [EntityType], [AssociationType], [Level], [ParentMenuItemId], [UserDefinableId], [CreatedDate], [UpdatedDate]) VALUES ('38e895dd-1441-482b-9909-fec46d96bb40', N'Kontaktní informace', NULL, 0, 1, 0, 1, 1, 'a80f23c0-d040-4758-85c7-b057ae80eac7', NULL, '20170113 08:44:56', '20170113 08:48:40')
INSERT INTO [dbo].[MENU_ITEM] ([Id], [Name], [Url], [BuiltIn], [Order], [EntityType], [AssociationType], [Level], [ParentMenuItemId], [UserDefinableId], [CreatedDate], [UpdatedDate]) VALUES ('281f6e29-0dda-4b29-b7cf-df37ffc1a160', N'o Bujinkan Czech Dojo', N'/blog/Details/1ec3b993-c94c-4be7-aa4a-bc0067892fb3', 0, 1, 2, 4, 2, '38e895dd-1441-482b-9909-fec46d96bb40', '1ec3b993-c94c-4be7-aa4a-bc0067892fb3', '20170113 08:49:03', '20170113 08:49:03')
INSERT INTO [dbo].[MENU_ITEM] ([Id], [Name], [Url], [BuiltIn], [Order], [EntityType], [AssociationType], [Level], [ParentMenuItemId], [UserDefinableId], [CreatedDate], [UpdatedDate]) VALUES ('f4a04404-86e7-4502-9d79-549742b5f242', N'Instruktoři', N'/user/', 0, 2, 0, 3, 2, '38e895dd-1441-482b-9909-fec46d96bb40', NULL, '20170113 08:49:32', '20170113 08:49:32')





