INSERT [dbo].[__MigrationHistory] ([MigrationId], [ContextKey], [Model], [ProductVersion]) VALUES (N'201707280423526_InitialCreate', N'Server.Context.BujinkanContext', 0x1F8B0800000000000400ED5DDD72E3BA91BEDFAA7D0795AE92D48965CF6C7693293B298D2CCFD139B6E448F2CC9EDCB86809B699A14885A47CEC6CED93EDC53ED2BEC202FC01F14B0204484AB66BAAA664806800DD1F1A7FDD8DFFFB9FFF3DFDCBF3C6EB3D81307203FFAC7F7274DCEF017F15AC5DFFE1ACBF8BEF7FFFC7FE5FFEFCAFFF723A5E6F9E7B5FF3EF3EA2EF60493F3AEB3FC6F1F6D36010AD1EC1C6898E36EE2A0CA2E03E3E5A059B81B30E061F8E8FFF343839190048A20F69F57AA7F39D1FBB1B90FC01FF1C05FE0A6CE39DE35D056BE045593ACC5924547B536703A2ADB30267FD050861738F6091183CC7FDDED0739D08257BF7FD9EE3FB41ECC4B08D9F6E22B088C3C07F586C6182E32D5FB6007E77EF7811C8DAFEA9F85CB51BC71F50370645C19CD46A17C5C14693E0C9C78C2F03B6782DEEF631DF20E7C690C3F10BEA75C2BDB3FE7085180CD3FA3DB6B64F232F445F62EE266238C2257EE8A5E93F600440A0A07F3FF4463B2FDE85E0CC07BB3874BC1F7AD7BB3BCF5DFD0C5E96C177E09FF93BCF23DB055B06F3A80498741D065B10C62F73709FB576B2EEF70674B9015B101723CAA4DDF8B273E1EF29ACDBB9F30096FAA0B438FA3F2700A1034740BF77E53C5F02FF217E3CEBC39FFDDE85FB0CD6794A46F5C677E1808185E27007B46B3D07D12A74B7A9D08D2B2FAFEB26F41AAFE3DC893117D1EFA5BBA96E5704C27370EFFA886FAC14CB8B8E42002B598B6BD514C5CD765D9FD6D479721F92D154D6B97E6F0EBCE4ABE8D1DDA66AAB1867B7CCB71761B099071E3978E94F6E17C12E5CA1D606E5DF2D9DF001C474A34F07858E28D51C4CAB14B50755CA5483F4867711CC5DC519080F43A3A43DC9497C0EA0881C5F1F96909109CC83F010C78632CC3E3B11183F013F5686182E610C2F4429AF008E4806F1A5E06318B584137507D3C82276C2D858CA637F6D4C63B85E87208A1A9F6846C952A66D3EFFCDDDA2D28DF7EECBB6790E5EC005F55D107C6F7E4DD0E21A67F118FC7A1DBAFF04A66A37217205367720CC494DFCF8E4DF95CA4D838D7EC9D12E0CE1E6AB4035524545A2F658461FCFC1838B9417C9FBBA1C21699D0367EDB9BEF6522FED4E7C0DB595BB72B7AEE3C711C1A48F1FB45B0561E36E769B328A5502035BE765934C3C5A72CE8BD5E5C570B50AE04678BA2391D29CBE4475852F154B08E932362B2E5CC0E279F8167F552C5DB94C6ED1CA7F215AAE56ADB1A38AA665DF881A966495342BCD375A4363C6282E6DB2EFDF77DED6F07FEDC48FCD0FB2C35A7223606B6DE89A5D6897B2E3F3EEEFAEFFDDF1976EEC016A8A647234D97CE18651DCCDD9CF6217FA9D543CDE38AE8DA320DD25951345BF06E1BAFD9ABF81BBD7B39CBE7E0CFCE6F5E5B9E36BAD8766E19A5AEFD658CAB5B94F505B0EB10D0CFE1EE895404B09DDD9B1D61A0C6952D1F28B4CE7963854A6EEA20B3143D81494C12FB78A545C53DE0C222B6FA16A2392059AF1D28F6D906C69A8DA2A44452EA534971111FA29964F92A32B9C65E8B83E1C3962D6E4B9B7E902A0680A95C1B185CE15314579E591824771E5813EEE70E5D1CAF2B44DDDF779E77AF1C4F83C60163E38BEFBCF44728812B528E33335A98FDC2777358CA260E526444427198D7168B26ABC0A5B6BB0AE16253536E3951303ABFF0473462D6D936A5C456D833E7EDF773778E30D859AEC932D1C49E2BB311BC79BB0982D5A57C0DFD9A2959E29A4A701E7C00331187A9E1DA207735091AF3C9407715EA0C365C3B9439FE4277F1FECB5DE45108E1E5D6F1D0263401FD80DE1DBB9106CD516090E24C3E9ABC11B0DBCD311ECA8D93C6ED5C27D50E73AC364DF266D10B5ABABA588F50C341A31CE20EC4406A56D5D800DD4D3EA07DCD9F79DB5F7B317A84F70E8E3C3DF13777A40A859B9A55DB348F155E83938673F04BCA2AB7F8E9811141F9B4160DD165F10876664067F5B4AE55AD378095956DBE144712BCCB51C2253B0406344E6856C8FCCA231E52A44BBD14D35D8C082AE95E3B65A8359193F97AEFF5D5B1464A1AEF003B9B4DEAD62EDB633E5BA6AFE17C7F38046B3B3EFDFDE3C6A63DB9F318F3BF9A5D2F7FA06108AFCFA318835AFF474BC154A361F79E5C2692FE3E12DF95931FFF1B9DC4428F8A4CE9C5CEEB8905722755B107E206DAB4597853988B24A540F7DB302EF07BF4D9A7F58B1C0AAB1DE960ED7833C35351BB439D2E5A356FC05376C259F198DDB6C1DA1BBEE787313782B9E7C2DCEC594C5BE92D5B6353B7FBB56F7EDEED533F80BB7EB6C1E377EB90F8C462EDABD686D75DE67DA77F5A0BC54AF39AA0E6EFA2E1DED68D408873A95C18D733AD76890A36BED490C36CA033D2FF03ED80F7BB05BB31833B6112E30494DD839D0C86CDD6BE9C2D64C4A9EFB46B38E4BF0043C330690C7CC7A0717D70E72BDCBBBD2DCA1C7C1695DFAB85FA079739EDDD25F161A58F801A789C55FE99ECBD0622C6F2FFBADA0C5F427F23633DFE9B67AB1BBCBCB8A8D030DDACCDA2957F5CDDE661A93966EA6C55FC8D96C7133FDD71D88D2E599E26C9D17781BB375DEDB2B27B4611EAB3BDBF8D1AF56BC7E0F720DAC8CE1AFC1CAB9DB798EC6A54E51E46DE0F85B271E75CBD0F1238F90FC3B847308EF36E48D3C3E499A44179EF350C4A02B81F3239CB7D647E77110E1932888E524B5F611E78D0FD7DEDE0B9411B9FAA4999386BBC85BFEB79FFBBDAF8EB783BF8F393E529F8E6FE633FCED49F9B7378B73FC297FCA477DFAD3F52FF8D38F3CF7533E97F09E710CAE2780C4FD80F6316E5F1693E96239BF192D677355912C7E9C9CCFE07FAA62819FFE389CCA24A3C46EDEE5A71EC7918340C43910B5CFF4E96C3A5665F770B1988D26C3E5643695715C89878991783DB661973F6469DE3EB7AE66D3F3E12FAAFC5ADE8C17E4E715E8FC363E9FD2052A54C7F2C79B39F5FDC7F2EF2FE613F2EB7FAB182CC3E5CD9CFCFE0F15DFDF50BCE17DA9692C7D998FC757E3E91217F88F1A48A2CC30EA212A25E18288B4E9681F595F869797E3B932B486979F6FAE5481359C2F27A3CBB191DE139D3D69337C148420E53ADE260B0EB572E6279FB72781CF97B32FCA6B81AF24722BD87F3D9F9DC3694D75542FC65793E970AE3AA86F16E3B96C486B49963BF6B32A5E867A47321E5F5D2F7FB9BD9C4C95577D8BF108CD77B75055DDA80AFCC7D99574B0B1DFA2B6DC2E67B04D8BA5AAC8F3328BEBF168723119A96A74AADF7F50810A21B57C947061B0E80AC7FEBA571913AB387326FC06AEA0C8DD2D1432540367FDDF715D29A38C0FC788DBEDDCA985A67B7C74C44B0F6E6D013A44731D6F14F8C88AD7F5637E1FECFA2B77EB7855AD600A2A6EA1910870156CCE39D80288753FAEE2AD4ADD844B11DF045C13B3BFAF62D1E980C04A3984A8281E32198B437AD0D62B3A9811460169132EA206B48014111F0F0124841BBD4CA4229FFA42A069F00D05690A090A10A286B85AD8E07BD20232F8DEAA549A4707EA4E7324710E4A87391D66C65067509169086269B8059AD809CBC2D3999F7AB3F786ABF4C5849113AD9C357F6407A7DFB52D2D4336B92D1543F25CA5CE3C66542738E23C5F650890BBC1164028DCF6D59125F59E6D73469235A205C8C8F87A083313ED9F5C2961DA85CF126CE8C855E51ACE365AC8BADB840AC948957A731FD44E40C2C665ABDECA481732865B2493F58C4E87298F5A69B3C4EEB5446713F7708D7E0A3D72198285314B232343D88636368122662A6950C2B2AA9BD1811D9E4BE52A539DB540A2A3322D1E12B055B7858B83D29612771D993CAB7C7788453A769153474B85CB8FD48366EFF602E51D690188E5725245256591D9093C058EAA32F09479AD72DEC33AA82CF17555C0BB3D85266F470B809273576DE340FA42778A24353D57E1596C054F664ACE3EAEBAD255A5BC3E1C55C539CBC9E42FF79C2B448F1D55D56125F5B7E3C936BC2A97B5A4052CC9787B106B73D9438D328957BEDA58089E789D551D5155AF3DB6AFAA2A5AD402C02A787E38EA8AF6F6934140E2FA57083EF5CB55C794D85B902128D74F5D2FEC85CD6F017642391C845213FB36C9E051E1E8C47BCCE960AFDC3F4AF1E4CA9E322B6D4E0B982AE5B54AFDACAB60B7F862FCBA2A4120734CB38431990F5935F90610266E4C9B1813735BA505BC5B69B738535B9B55F9E55942D9BE2CCCCA1BD426D00E6A59965ADEC232312C5198C366CE20281D3C8BA215C1B66616A09130E4654A7701626667E182A8DF2BCC7DF9CD0187389A0EC5231129066E15E4D2FB6471A3F01D7C050D247E51F9D448A4AA7076682724800FF42A88A0B5998840BA34AE284C382D73040ACD5041247735151129BC742B8860BF46B13C484F49861201EE829CE0D156E23BF682556C0E42E93CB9512BEE090F506E0CAB98B212F40884B21B0ABAD70A1CA19F50E3992137CEA4DA2D34CFACC702A1656643BD271FE7E1FB2EB339A49A2BB03AACD76F81B5A132A1BA824FF59144EABC611D2F27CAB4CE40DE94551D412753A4C6BDE5DF36E03B5D6E0546B5596A07568F0552F3AF8660CF3CA950C20AFE525EDC70EA6ADE9009D4CD7C9343807B2CB16C2EA8D20332CB1DD379A03D8DC004C11730436ED343375E68D553931142839EC6D9201B18124B15BEC91606046FA6D264B7652152791EA85867501DA9B0CF20D57DB1F42D614C854546935C12C5A8E63954652040F5A6C444A01E6E4A4C0354586DC0954AE828DC770BBB52099C1AEC691F3C7CE4529E43E517B65447A457B6F5F822BDAA6D9225B2DB450167942E22B5AE22898E516711254CAABA7D6C92574C284C9E4325B7670AF76744D3B3C383123E886FCC9AECBD241C1DCF0585BB1D8DDB1DA24BC4A9480967CAEF735AE1101B4CAE844765F7135A3714F5F924B993502168C2A44A7DA372B6AE73BA5E9F43CDA99A3C9E133EECC579A783C5EA116C9C2CE174003F59812DD27E49C4B128CFB872B65B1480A52899A5F4165B6785CE537FBFE8F79E379E1F9DF51FE378FB69308812D2D1D1C65D854114DCC747AB603370D6C1E0C3F1F19F062727834D4A63B0A2B65CECD134AE290E42E70130B968CFBC06176E18C5E74EECDC392868C168BDE13E638FB6254792796DFCE9352FC3FC9C322F837E670104D2B06D595DC431377F1D9015BE807DDBA04B05D44D2098B4046561E9C5CAF19C5010766D1478BB8D2FBFE0909746FFD3E5D314750A54006D921095A14E2F89034CD2491234DA93C440A31A92A468B480BDA1A15A53757D23A74B057C236952191AED2483BE516D2433787AA7030686DC0514877646FBB003486978312A4D67844D22F47B76FF1B66A851247F5B63BC954E0472CE9B8DB934D0094D214FD34369029C20146194C87A7B08AD09277C4457074A69C0A09620B484B32DC3D22C499D46F6283749234B52A7913CC94D524812D4CBE337B4491A385103B8C9AD328558C13D731905FC0036490427AAD3491EB826692409EAE52FE00AEB2E08BED3448AD4EE2666E2A91A0A3345B2860A4405D2C8458C1E243334E94D838D8C6291A581291CF294C2154ED51925687A99830717D96CF00211E5AB5327CB9D0367EDC125304D5FFC852E2762B8AD8BDD95BB751D3F8E445C61BF50AFE1CA797637BB4D490DE22F741002B6CE0BD2DC2C3C8AF43AD4C41C17E56B68C5D50A5D0D4E773C9A992C0D1916311528C1C9432D343E0D0B1673759670283A5E4BD32E13899724C46469287CB49BE5B76144B2868ADE853E4709276A28AC8DE332BBB02C4963883851F46B12D39B1A1838559DD2377047134912BA9852AF1F036EA4A7493AFB53763A76B4D47DF6F80C49214BEA6E695047B948DB96859FA29A25094925A792071FA2A6414940A2B6155D12B74C5FD19DCF7E9ABDDD6321FC7413AD74B3449DE1C346F7A647129BABB307797257C4B9AC7CBD57FEA57A8D13E61061A275806043C9EBABD676871A0EC1A43FDC96F3E1643A997E696BC82521D3E979416B93B10FDBF98B201C3DBA1EDCBE3388A732DE8F07EA1F0F583F6DCF82C2B0C7879AE7867BBFB948C36BEDCFA91E6CD7DA4DDC7EB260CD59BC714AA42E12E9C6F5D1416EF72C5C00D4943A5BB4D6988803ABEF311B93D056FA3C4C62D7BFAFFE0C577F96D41DE18C4AE9BB1227D52E602633955180DB68B81C7F99CD7F6963D4A6CF32ECD390955D10E50CAD733FD420471B1AC4BA83AE5D8053011CF64A1C1CC0D35719F609E00C2FD9783DFBCD4EFCDACA1E73348FD7A5CFC9FC99A0835113E60637D41B4FD4E688CCE8F278930C2B47EF70CA02CEC9299A9A1875A21E6A80391FAA07036663EB33CBD0135CB86B5FB6DBBCB8B77729DECD22BAA6ED5AE1AA69308C244EA82AB3ABACE4BE0EA36B277E642FFE50CADB3345AB09B8D44BDA006C22576F05A4898BED2BCCD04D5A82075EDD523935AC2A398A748EDE4DA498229DA3612C03FC9D98229DA33BD8D2919006BA1B7A9E68D8719FBC0F68D5018D9D334D06751E2BA6C6C09616DDD7C16D3E87BC1BF23702E5D497D0F0E8A60684C5C5F615BEFBB693A8B7DE7E1F02C22150B8FB190C03998FA6C25090177DADC3C19EFD8FB9F95C2163D65AA248D73072605F65A68C1DD84C75BA97E009303CCF9234B8CE845EA5985F1196554E950FB549CFF25581384B50F63EE337A1EE8AC07F06EA0E4708D45777F2A2CDA8BBBCBE2B27644CDBE81C8D41EE47BF72B6FC59DA3B0C156148858E3440221163521F8B65859B41E337CE8AFE9BA605FD3274FCC8E3A44C24BF6390CDA6232CD040E4C2CCC9CD30D82F39BB9EFC0359083276461607A5E3D9A304C4849238083151B57EABA40199955A257FA94ED6283620062F512E2E06FB09C6539682FFC67131B2981454B08CA44B28F445D295288B8FC106A9483FE9F760DB9FDC350A50B17889E0E2E6087D70B4F88737F2DCC4032DFFE0CAF1DD7B38D32C83EFC03FEB7F383EFE63BF37F45C274A439964E1373EB1119B95E2719C7C44F138C07A33608BEB47F54054A268ED09627AA03191CF7EE2B016A73F030E5BB978CB22769F0ED882A70244A5418577BEFB8F1D7051346DF7DE45D3ED74E779680578D6BF77BC888FBB2CDCFAA4C4FC27275C3D3AE16F36CEF36FB529511BF70A8249B0ED0A7AC90ECA029D54C3A68490CA8D5DD463CDB6B06B6B19F7B918E3137F0D9ECFFAFF9510FAD49BFCE72D43EB875EB241FBD43BEEFDB76EB3A83949DE4325F151F391162D722A2A1D276531FF0F61ACE4512C5272776EACCF643A744575BB5E210AC44FD61F82FC9574A58AC4D2937E0B840E4CF4FCF5EBEB91BBDA1C49DDDB5AD0238674E83BDAFA74E89BD9FA7424D7B0A6040F678008AF31DFD82051D28ECAC3A4E565DB6B44257F33F9C610696D2B62798B44DE4F1840BB20F396502D79E3EE1DD9759088AF2AEB4FD5D93D654AC0F5F50990F793F5A9705792F54965F791F509B0779006639C266572E8C05F601A348B2566D2B0F7431A1B6A517C1979106A91BEBDB4A11EF33B4C1BB40E0C07B28BC08340427A8368436AC425E21B0441C9F59D1A0EE43770FCB7E27BB16ADCE03A0CF47D46C368FD9BB7DF70DAD16A85BA24B9000BDD0C640526188AA19B1B2DB5F59CF92AB97190EDFBBE53FD9E41E8B3FDA651DFD24E8E7156A71BD5EF5D39CF97C07F881FCFFA271FFE684BDC7CFCC07751B77C1C65E510808D50587FF75C1E87D0427F272B2B64B2B0841628159109B589298F3341B4ABD73AD0B237076CCCFC59AC42C3157F12AFD090068E2F68E3FC39093368833F38D6A08556253107BB1D4DCDEB5A22BC417D6D4B3D47909289368EE731DA56E954907E87C08C581170C1E434987F75C0E0A25CF8C680995199F85581FA3D16BF2120A4A726D1E2E900536CF0CF0598B18E7927C0862A2B82799AEC68722A26BBAB4E96CFC2B84CAF7562B7784460E3208F8A03557FFC5BBF5DA6A23F198D8A82D0C15FF0288F286170A8F71175A8B616D462ABC6246865C166636174108777E2F0F4AF75F424B1F0EB4B747F36975420FCFA306F7D8FAA42681FB7A8D67D6E3AB8C2DAA3B5B8BA270BF72AD76B554DCCC35FF59514F1E2979503B5FCD92F1BC4D44E60158D97F317C06C504B9E02DBB7A3ACEC4D301BEACBC16AABEED982B1D5A0FD5DD3FE1C2464EF8A19B4232561D288FC59328346A4242C2C3389CB20D6C0A5C4DF1C3984F7501BF03326695F90A7F2519672B5F36277EBB92B58EB59FF84634A418236A92149313934C9DF7124E1AC02D0F9A1EB78A3C04787932E1F2500EE38FC95BB753CAA03CC578A5315E22BA6C7E69C832DF0915885DD54A9B0C4591F1367A6CE2A16507EF37A4010B9F813524C1600A4F0D284438181F855D17D40813C38420B20C8DDAF6ECB3C950910505F5168A0735858B07D9BF9A9B35B6FB84AC31C8C9C68E5F04F6F25112264ADC1BE6364438AC4667024E75333802A09112AC6526944AC564085A343348BAAE3A3A3327D53C4A8202912A9AF031F92501C7B0D10E45E772B7E9C841020366723E55724AACF3C89371F49244D6844FEF27753EC8B5E127695AFA72CAA5F2B02CFDD5D6EE5AF58D5157C8516C03E6F24AD22F1E03150127394AFAB2AC263BB58A03DA1A468D092A0221AD2904BED21424B4A961091F451A5BEEAF89CEDE2A2CB454317EAA2F52583161AF763C58034D72D124941E8F6220C18B0DC2E835B81DB8785FD4BC9B63679EC90DCCD26090AA83B0CB088DF2955AEA72D6C08DCB534CF2E2A3483929C0FEDB04255B69D9E5124F26D6FB7D0A6A0DB5C292A0BBBF31562DE0035852FF17A6A54E99BEF500E43F95BC0670B784157366A5811B84C358A93A43E92529AF06AF0C1F373DFB051DC72280144E4EBD3284214EFD70E1823A61770AD82441CAA9350FC593EA5F7F334ADF5A4A2E06D2D34A44F5576286FC270A013B16756E86A9A41EC2ED0A86EC8AB2489E1B457A31FA4EF63EF9386C8A15218F64B81A0752B59A1243410604951685D37B628F9F287B95BC54097E793ED0362AFF5C17E1C4E5EA7CFA9ABCD2362279946E791BC4A92184E7B35F388F469FA7D9A4772A8B4779CA521FC033CD4D2117AE7E75A4B54D6F5152F32240E418D6A0A5C2749AD487C35BA42CC5BADBADAC48BF9E58635A11FD80D8796A03BBDE5C0C26EEF08A20BC1B77810A125FBAECF2210F6D4E605812756A37342FDCBD3C3980B0C55515BD8684F2D2809FCF0D481B29CBB5605C97556FABAA44C44F5EF95BA11B3E13D917D19E78E62DD8D67C1CB50C41962C068EF34A115AF8A3671C133A1635CE4BE7B2DE02275D8C3CF9762E5C33C35CA61247B6996F5B5E8F70A0F40DED7217DB0F4ACBFBE0BA06C5337C2E1687933BC9C2C7F112809BA1266EDC055C4E48B2A4312B83D1F5F4CA6C3CF97E3CA1AF1CCC5D5857344B58C6637D3E5BCBA43E970E268A7C922C2F39942A38B437E9E32CE12521F2F6637F351750DA9E302473D4D1651BE9C4C7FAEA45AD8B772948B2C11F5ABF1F4E676B21C5F555681DF58E0AB28B24455FCF566BC584E66D3CA1A88E8FD7C1D64A6A896AFB3D1F0F3CDE550013A8CB3225715932FAAEDA7D9649A2CE3337383CA2A130334BEA6245954419A5335C4F061223FC670967090E1DC8A1AD24509473D4D16514E732AA8663CE3C866E922BA6A6CC6F7281C699C23228E332BC8E343578E3CCE1191C79915E48B7D3B47BFC8125550E456CD02C93A8057FE49B24CE77354E977BDCB9DD27BC4C7ECF02A7D2E9DB7B3C09D91A0812A231CE382D7DDB96515DDB91A1DCF9CB0153A2E7E919D5BC7116D1789A3A36E4BDC8E05DD5671502E3B0121FB4FE79430829DC893E245A271F7650EB282FE2BF9D25A6700B7AA4CCA13A9C62CA05D40051D2FF111A5CF3D98692C69A96C8AA24A928BA9A4549A60DC35B1B3A3A08B0A5E9196BACAAEF0929245A2BD2E333E7D659D2E73FFABDF7861C9D4DDAFE1AE570E65150737EB23B969C96B3A6689263603D72EEBEC2297DAE9CC275A4AD764533A794A38208A1762369B37D99532B556E2AF63499D35D5B59A8E27021ED87061B10E6E2D86D7609FA61F86806D269E1CD6D9456E5F93A2C2EDA9C99A5FC325A1744750D7B5C13ACB14375B464CC30780651C91DC2B89EECBC8B190A775D2C55AE6E8022E989BB55BC70573B49294969D9BD4671C619C5DC216990977FD1D60075DAD5C6C2A182B1F98946B59D90A38636EAD6B9D71CCD160525A76EE579F71656BB672BB544BCBB666BB59D3BA52C00C1B769AD631C29EEF26C5A567B706EC93ED524AAC110D772AAD75AD64E9506E7E6765E5D07437354DC8044C303142B30E78251CD565530912E4D6565650D054B708AB21D9C64A6053A4BFE1694F46E96DBC444022CB11CE80865CBB050DC32D8FC08C0D3A70DEE920BD1CCB12E09F71103A0FE02A58032F4A524F0773881C7793C66E3E3D0791FB50903885347DB0A20C48F03713FF3EC8ED589816E59FB0AFA681D8593BB1330C63F7DE59C5307B05A2082ABF7EEFABE3EDD026677307D6137FB68BB7BB1876196CEE3C0AD6C81EA6ACFED301D7E6D35912723CB2D105D84C173DD931F3D10BAC6BDCEE0B41646C09096468F305C0F45496E8A53BF0F082294D9388EF2A8432F661FBA025D86C3D482C9AF90BE709D4691B44F8257870562F30FDC94DC2BDCB88540B8266FBE9B9EB3C84CE26CA6814E5E19F10C3EBCDF39FFF1F85EC489A81750100, N'6.1.3-40302')

/* COUNTRY */
INSERT INTO [dbo].[COUNTRY] ([Id], [Name], [Path], [CreatedDate], [UpdatedDate]) VALUES (N'6f82e7ba-215f-4941-9b4c-04a348b5e565', N'Kyrgyzstán', N'/Content/images/flags/kyrgyzstan.jpg', CURRENT_TIMESTAMP, CURRENT_TIMESTAMP)
INSERT INTO [dbo].[COUNTRY] ([Id], [Name], [Path], [CreatedDate], [UpdatedDate]) VALUES (N'602e29a2-419b-4839-b907-04bba294e76b', N'Argentina', N'/Content/images/flags/argentina.jpg', CURRENT_TIMESTAMP, CURRENT_TIMESTAMP)
INSERT INTO [dbo].[COUNTRY] ([Id], [Name], [Path], [CreatedDate], [UpdatedDate]) VALUES (N'c7bcc0b6-e811-4b4c-adde-08b6dcad1986', N'Lotyšsko', N'/Content/images/flags/lithuania.jpg', CURRENT_TIMESTAMP, CURRENT_TIMESTAMP)
INSERT INTO [dbo].[COUNTRY] ([Id], [Name], [Path], [CreatedDate], [UpdatedDate]) VALUES (N'de56d6a6-154b-4116-9762-1a40ab697fdb', N'Malta', N'/Content/images/flags/malta.jpg', CURRENT_TIMESTAMP, CURRENT_TIMESTAMP)
INSERT INTO [dbo].[COUNTRY] ([Id], [Name], [Path], [CreatedDate], [UpdatedDate]) VALUES (N'7e3a5eb8-56f4-4f40-9fc0-1c7e5a844688', N'Bulharsko', N'/Content/images/flags/bulgaria.jpg', CURRENT_TIMESTAMP, CURRENT_TIMESTAMP)
INSERT INTO [dbo].[COUNTRY] ([Id], [Name], [Path], [CreatedDate], [UpdatedDate]) VALUES (N'd3258a34-4975-46c8-91de-2ebe62df6c52', N'Lichtenštejnsko', N'/Content/images/flags/lichtenstein.jpg', CURRENT_TIMESTAMP, CURRENT_TIMESTAMP)
INSERT INTO [dbo].[COUNTRY] ([Id], [Name], [Path], [CreatedDate], [UpdatedDate]) VALUES (N'3caf8fda-cce3-4de2-b73f-3197dfe2c53d', N'Německo', N'/Content/images/flags/germany.jpg', CURRENT_TIMESTAMP, CURRENT_TIMESTAMP)
INSERT INTO [dbo].[COUNTRY] ([Id], [Name], [Path], [CreatedDate], [UpdatedDate]) VALUES (N'e4b923da-ccca-4766-bd8d-3b0fb0585d72', N'Rusko', N'/Content/images/flags/russia.jpg', CURRENT_TIMESTAMP, CURRENT_TIMESTAMP)
INSERT INTO [dbo].[COUNTRY] ([Id], [Name], [Path], [CreatedDate], [UpdatedDate]) VALUES (N'de821109-29bc-436a-bfdf-45c1f88260ef', N'Maďarsko', N'/Content/images/flags/hungary.jpg', CURRENT_TIMESTAMP, CURRENT_TIMESTAMP)
INSERT INTO [dbo].[COUNTRY] ([Id], [Name], [Path], [CreatedDate], [UpdatedDate]) VALUES (N'b0970056-0507-45c6-92fb-510d4ec3b723', N'San Marino', N'/Content/images/flags/sanmarino.jpg', CURRENT_TIMESTAMP, CURRENT_TIMESTAMP)
INSERT INTO [dbo].[COUNTRY] ([Id], [Name], [Path], [CreatedDate], [UpdatedDate]) VALUES (N'7439b126-a1c2-4b72-ab81-5199efdd7835', N'Rakousko', N'/Content/images/flags/austria.jpg', CURRENT_TIMESTAMP, CURRENT_TIMESTAMP)
INSERT INTO [dbo].[COUNTRY] ([Id], [Name], [Path], [CreatedDate], [UpdatedDate]) VALUES (N'ff86cefd-f537-4581-93c0-60c54f434533', N'Srbsko', N'/Content/images/flags/serbia.jpg', CURRENT_TIMESTAMP, CURRENT_TIMESTAMP)
INSERT INTO [dbo].[COUNTRY] ([Id], [Name], [Path], [CreatedDate], [UpdatedDate]) VALUES (N'00d09974-4061-4084-9e5c-65d666890eda', N'Andora', N'/Content/images/flags/andorra.jpg', CURRENT_TIMESTAMP, CURRENT_TIMESTAMP)
INSERT INTO [dbo].[COUNTRY] ([Id], [Name], [Path], [CreatedDate], [UpdatedDate]) VALUES (N'e0bde086-9dda-414c-8bea-7649013e6488', N'Slovinsko', N'/Content/images/flags/slovenia.jpg', CURRENT_TIMESTAMP, CURRENT_TIMESTAMP)
INSERT INTO [dbo].[COUNTRY] ([Id], [Name], [Path], [CreatedDate], [UpdatedDate]) VALUES (N'ca758cdb-be74-492a-b821-7b1b7dfbb5a2', N'Norsko', N'/Content/images/flags/norway.jpg', CURRENT_TIMESTAMP, CURRENT_TIMESTAMP)
INSERT INTO [dbo].[COUNTRY] ([Id], [Name], [Path], [CreatedDate], [UpdatedDate]) VALUES (N'a72a85b7-0801-4c79-97c2-7cc96c254bf7', N'Nizozemí', N'/Content/images/flags/netherlands.jpg', CURRENT_TIMESTAMP, CURRENT_TIMESTAMP)
INSERT INTO [dbo].[COUNTRY] ([Id], [Name], [Path], [CreatedDate], [UpdatedDate]) VALUES (N'd3371d82-36c2-4b6c-a0e5-7d6decd259fa', N'Velká Británie', N'/Content/images/flags/gb.jpg', CURRENT_TIMESTAMP, CURRENT_TIMESTAMP)
INSERT INTO [dbo].[COUNTRY] ([Id], [Name], [Path], [CreatedDate], [UpdatedDate]) VALUES (N'14024a38-1e56-481f-ad5e-7ec7e35d4dfd', N'Lucembursko', N'/Content/images/flags/luxembourg.jpg', CURRENT_TIMESTAMP, CURRENT_TIMESTAMP)
INSERT INTO [dbo].[COUNTRY] ([Id], [Name], [Path], [CreatedDate], [UpdatedDate]) VALUES (N'446e64f9-7743-4528-ad09-832d0731e79f', N'Švédsko', N'/Content/images/flags/sweden.jpg', CURRENT_TIMESTAMP, CURRENT_TIMESTAMP)
INSERT INTO [dbo].[COUNTRY] ([Id], [Name], [Path], [CreatedDate], [UpdatedDate]) VALUES (N'0b51bbaf-ef8e-4ae1-8c73-860751bddaaa', N'Japonsko', N'/Content/images/flags/japan.jpg', CURRENT_TIMESTAMP, CURRENT_TIMESTAMP)
INSERT INTO [dbo].[COUNTRY] ([Id], [Name], [Path], [CreatedDate], [UpdatedDate]) VALUES (N'df03a970-ba3c-48d1-a900-8935f88d0d16', N'Estonsko', N'/Content/images/flags/estonia.jpg', CURRENT_TIMESTAMP, CURRENT_TIMESTAMP)
INSERT INTO [dbo].[COUNTRY] ([Id], [Name], [Path], [CreatedDate], [UpdatedDate]) VALUES (N'77f68949-6edf-437d-926c-8ee0fbdcb669', N'Egypt', N'/Content/images/flags/egypt.jpg', CURRENT_TIMESTAMP, CURRENT_TIMESTAMP)
INSERT INTO [dbo].[COUNTRY] ([Id], [Name], [Path], [CreatedDate], [UpdatedDate]) VALUES (N'10a7b4a0-1b77-45a8-923a-915e559fe62a', N'Bělorusko', N'/Content/images/flags/belarus.jpg', CURRENT_TIMESTAMP, CURRENT_TIMESTAMP)
INSERT INTO [dbo].[COUNTRY] ([Id], [Name], [Path], [CreatedDate], [UpdatedDate]) VALUES (N'e6f655b4-8d88-486b-abeb-91b57cd0eee5', N'Turecko', N'/Content/images/flags/turkey.jpg', CURRENT_TIMESTAMP, CURRENT_TIMESTAMP)
INSERT INTO [dbo].[COUNTRY] ([Id], [Name], [Path], [CreatedDate], [UpdatedDate]) VALUES (N'c22de903-3964-41dc-9778-97499e46f07c', N'Švýcarsko', N'/Content/images/flags/switzerland.jpg', CURRENT_TIMESTAMP, CURRENT_TIMESTAMP)
INSERT INTO [dbo].[COUNTRY] ([Id], [Name], [Path], [CreatedDate], [UpdatedDate]) VALUES (N'56c6f73f-17d3-41c6-b0af-9b2252239866', N'Chorvatsko', N'/Content/images/flags/croatia.jpg', CURRENT_TIMESTAMP, CURRENT_TIMESTAMP)
INSERT INTO [dbo].[COUNTRY] ([Id], [Name], [Path], [CreatedDate], [UpdatedDate]) VALUES (N'2cde72c6-bae9-45d4-a7e1-9dabd7922ca6', N'Portugalsko', N'/Content/images/flags/portugal.jpg', CURRENT_TIMESTAMP, CURRENT_TIMESTAMP)
INSERT INTO [dbo].[COUNTRY] ([Id], [Name], [Path], [CreatedDate], [UpdatedDate]) VALUES (N'f5d811f1-1949-4f64-904d-9ef7d2b68596', N'Francie', N'/Content/images/flags/france.jpg', CURRENT_TIMESTAMP, CURRENT_TIMESTAMP)
INSERT INTO [dbo].[COUNTRY] ([Id], [Name], [Path], [CreatedDate], [UpdatedDate]) VALUES (N'd7dcf43d-69d8-4654-b945-a0df4b633afc', N'Litva', N'/Content/images/flags/latvia.jpg', CURRENT_TIMESTAMP, CURRENT_TIMESTAMP)
INSERT INTO [dbo].[COUNTRY] ([Id], [Name], [Path], [CreatedDate], [UpdatedDate]) VALUES (N'9f72d5f2-75ee-4d27-9605-a806f96bd54d', N'Řecko', N'/Content/images/flags/greece.jpg', CURRENT_TIMESTAMP, CURRENT_TIMESTAMP)
INSERT INTO [dbo].[COUNTRY] ([Id], [Name], [Path], [CreatedDate], [UpdatedDate]) VALUES (N'05c1f542-6337-4783-98f4-ad3c01ad8668', N'USA', N'/Content/images/flags/usa.jpg', CURRENT_TIMESTAMP, CURRENT_TIMESTAMP)
INSERT INTO [dbo].[COUNTRY] ([Id], [Name], [Path], [CreatedDate], [UpdatedDate]) VALUES (N'ae019609-99e0-4ef5-85bb-ad90dc302e70', N'Albánie', N'/Content/images/flags/albania.jpg', CURRENT_TIMESTAMP, CURRENT_TIMESTAMP)
INSERT INTO [dbo].[COUNTRY] ([Id], [Name], [Path], [CreatedDate], [UpdatedDate]) VALUES (N'3fa0fc96-1c01-4b6c-8b9b-ae4e9d927a41', N'Dánsko', N'/Content/images/flags/denmark.jpg', CURRENT_TIMESTAMP, CURRENT_TIMESTAMP)
INSERT INTO [dbo].[COUNTRY] ([Id], [Name], [Path], [CreatedDate], [UpdatedDate]) VALUES (N'8f204c4d-a622-418d-9dc4-b7a83c31b69b', N'Finsko', N'/Content/images/flags/finland.jpg', CURRENT_TIMESTAMP, CURRENT_TIMESTAMP)
INSERT INTO [dbo].[COUNTRY] ([Id], [Name], [Path], [CreatedDate], [UpdatedDate]) VALUES (N'e03e4291-0dae-4ce6-87a5-c95703fc0105', N'Španělsko', N'/Content/images/flags/spain.jpg', CURRENT_TIMESTAMP, CURRENT_TIMESTAMP)
INSERT INTO [dbo].[COUNTRY] ([Id], [Name], [Path], [CreatedDate], [UpdatedDate]) VALUES (N'a44cb139-96da-4509-a38a-cc1c67df8062', N'Polsko', N'/Content/images/flags/poland.jpg', CURRENT_TIMESTAMP, CURRENT_TIMESTAMP)
INSERT INTO [dbo].[COUNTRY] ([Id], [Name], [Path], [CreatedDate], [UpdatedDate]) VALUES (N'cedb61bc-9489-49c4-a48d-d88734d057b1', N'Arménie', N'/Content/images/flags/armenia.jpg', CURRENT_TIMESTAMP, CURRENT_TIMESTAMP)
INSERT INTO [dbo].[COUNTRY] ([Id], [Name], [Path], [CreatedDate], [UpdatedDate]) VALUES (N'f3d05d32-f496-432e-ba2f-d8b95a2a343c', N'Austrálie', N'/Content/images/flags/australia.jpg', CURRENT_TIMESTAMP, CURRENT_TIMESTAMP)
INSERT INTO [dbo].[COUNTRY] ([Id], [Name], [Path], [CreatedDate], [UpdatedDate]) VALUES (N'be77d63c-b3db-41e3-a234-ddaedf06bf87', N'Kanada', N'/Content/images/flags/canada.jpg', CURRENT_TIMESTAMP, CURRENT_TIMESTAMP)
INSERT INTO [dbo].[COUNTRY] ([Id], [Name], [Path], [CreatedDate], [UpdatedDate]) VALUES (N'8698e3b5-bb52-42a7-9274-df58745eba50', N'Čína', N'/Content/images/flags/china.jpg', CURRENT_TIMESTAMP, CURRENT_TIMESTAMP)
INSERT INTO [dbo].[COUNTRY] ([Id], [Name], [Path], [CreatedDate], [UpdatedDate]) VALUES (N'69ee91d6-871d-494f-abbe-ea5133d82eff', N'Itálie', N'/Content/images/flags/italy.jpg', CURRENT_TIMESTAMP, CURRENT_TIMESTAMP)
INSERT INTO [dbo].[COUNTRY] ([Id], [Name], [Path], [CreatedDate], [UpdatedDate]) VALUES (N'46d55baa-c6f3-4605-be83-edc54c32d5c4', N'Ukrajina', N'/Content/images/flags/ukraine.jpg', CURRENT_TIMESTAMP, CURRENT_TIMESTAMP)
INSERT INTO [dbo].[COUNTRY] ([Id], [Name], [Path], [CreatedDate], [UpdatedDate]) VALUES (N'6f937d0b-0400-4555-91e4-f0dd15fe3aee', N'Irsko', N'/Content/images/flags/ireland.jpg', CURRENT_TIMESTAMP, CURRENT_TIMESTAMP)
INSERT INTO [dbo].[COUNTRY] ([Id], [Name], [Path], [CreatedDate], [UpdatedDate]) VALUES (N'bd6172c6-3338-4d89-bbc6-f5e0ea517d30', N'Česká republika', N'/Content/images/flags/czech.jpg', CURRENT_TIMESTAMP, CURRENT_TIMESTAMP)
INSERT INTO [dbo].[COUNTRY] ([Id], [Name], [Path], [CreatedDate], [UpdatedDate]) VALUES (N'885ce4ce-f93f-41b1-acfb-f76dfb9149f0', N'Belgie', N'/Content/images/flags/belgium.jpg', CURRENT_TIMESTAMP, CURRENT_TIMESTAMP)
INSERT INTO [dbo].[COUNTRY] ([Id], [Name], [Path], [CreatedDate], [UpdatedDate]) VALUES (N'072faa93-a9eb-452a-95fe-fcbdef86e5c8', N'Jordánsko', N'/Content/images/flags/jordan.jpg', CURRENT_TIMESTAMP, CURRENT_TIMESTAMP)
INSERT INTO [dbo].[COUNTRY] ([Id], [Name], [Path], [CreatedDate], [UpdatedDate]) VALUES (N'187035dc-268a-4516-9bbb-fd3eb357a994', N'Kuba', N'/Content/images/flags/cuba.jpg', CURRENT_TIMESTAMP, CURRENT_TIMESTAMP)
INSERT INTO [dbo].[COUNTRY] ([Id], [Name], [Path], [CreatedDate], [UpdatedDate]) VALUES (N'90a2d75e-02fd-4b43-bbab-ff83dad99869', N'Island', N'/Content/images/flags/iceland.jpg', CURRENT_TIMESTAMP, CURRENT_TIMESTAMP)
INSERT INTO [dbo].[COUNTRY] ([Id], [Name], [Path], [CreatedDate], [UpdatedDate]) VALUES (N'f5de4df3-2be6-4323-99de-ff97048c3dcf', N'Slovensko', N'/Content/images/flags/slovakia.jpg', CURRENT_TIMESTAMP, CURRENT_TIMESTAMP)


/* ROLE */
INSERT INTO [dbo].[ROLE] ([Id], [Name], [DojoCreation], [UserCreation], [RoleCreation], [MenuCreation], [CreateUpdateDeleteAll], [CreatedDate], [UpdatedDate]) VALUES(N'90cfe19d-7bdc-49d1-bf6c-a5358506d99e', N'SuperAdmin', 1, 1, 1, 1, 1, CURRENT_TIMESTAMP, CURRENT_TIMESTAMP)


/* DOJO */
INSERT INTO [dbo].[USER_DEFINABLE] ([Id], [Public], [CreatedDate], [UpdatedDate]) VALUES(N'698cf350-8882-43c9-97e4-4da63b6262b9', 1, CURRENT_TIMESTAMP, CURRENT_TIMESTAMP)
INSERT INTO [dbo].[DOJO] ([Id], [Name], [Description], [BuiltIn], [OrganizationType], [CivicAssociationRegistration], [Ic], [Email], [Facebook]) VALUES (N'698cf350-8882-43c9-97e4-4da63b6262b9', N'Bujinkan Czech Dojo', NULL, 1, 1, N'L 8273 vedená u Městského soudu v Praze', N'72086874', N'office@bujinkan.cz', N'https://www.facebook.com/BujinkanCzechDojo')


/* USER */
INSERT INTO [dbo].[USER_DEFINABLE] ([Id], [Public], [CreatedDate], [UpdatedDate]) VALUES(N'1783fb6f-8b1c-4250-9500-ebfe43630e38', 1, CURRENT_TIMESTAMP, CURRENT_TIMESTAMP)
INSERT INTO [dbo].[USER] ([Id], [BujinkanTitle], [FirstName], [Surname], [RoleId], [Email], [Description], [Password], [CountryId], [Order], [DojoId]) VALUES (N'1783fb6f-8b1c-4250-9500-ebfe43630e38', 1, N'Jaromír', N'Krpec', N'90cfe19d-7bdc-49d1-bf6c-a5358506d99e', N'krpec.jaromir@seznam.cz', NULL, N'1000:kuRr/u5EQZuW7efGctOXAH4XHgRVw+bM:bdtUlqOfAdedpjBBvgCWH2392dAjd/aA', N'bd6172c6-3338-4d89-bbc6-f5e0ea517d30', 1, N'698cf350-8882-43c9-97e4-4da63b6262b9')


/* BLOG CATEGORY */
INSERT INTO [dbo].[USER_DEFINABLE] ([Id], [Public], [CreatedDate], [UpdatedDate]) VALUES(N'f0b1e165-5cbd-4ba0-9d4c-0e65c6598928', 1, CURRENT_TIMESTAMP, CURRENT_TIMESTAMP)
INSERT INTO [dbo].[CATEGORY] ([Id], [Name], [BuiltIn], [Discriminator]) VALUES(N'f0b1e165-5cbd-4ba0-9d4c-0e65c6598928', N'Samostatný článek', 1, N'BLOG')
INSERT INTO [dbo].[USER_DEFINABLE] ([Id], [Public], [CreatedDate], [UpdatedDate]) VALUES(N'3934e7af-25fc-4b2c-9e22-4f9a8ac472d5', 1, CURRENT_TIMESTAMP, CURRENT_TIMESTAMP)
INSERT INTO [dbo].[CATEGORY] ([Id], [Name], [BuiltIn], [Discriminator]) VALUES(N'3934e7af-25fc-4b2c-9e22-4f9a8ac472d5', N'Příběhy studentů', 1, N'BLOG')
INSERT INTO [dbo].[USER_DEFINABLE] ([Id], [Public], [CreatedDate], [UpdatedDate]) VALUES(N'c4b10004-89fd-4f1e-9e09-ecb594b79e0f', 1, CURRENT_TIMESTAMP, CURRENT_TIMESTAMP)
INSERT INTO [dbo].[CATEGORY] ([Id], [Name], [BuiltIn], [Discriminator]) VALUES(N'c4b10004-89fd-4f1e-9e09-ecb594b79e0f', N'Ohlasy dětí', 1, N'BLOG')


/* BLOG */
INSERT INTO [dbo].[USER_DEFINABLE] ([Id], [UserCreatorId], [Public], [CreatedDate], [UpdatedDate]) VALUES(N'41ad32ed-a857-43a1-b181-f65ad07f80fc', N'1783fb6f-8b1c-4250-9500-ebfe43630e38', 1, CURRENT_TIMESTAMP, CURRENT_TIMESTAMP)
INSERT INTO [dbo].[BLOG] ([Id], [Name], [Description], [BuiltIn], [CategoryId]) VALUES(N'41ad32ed-a857-43a1-b181-f65ad07f80fc', N'Je Bujinkan pro Vás', N'-', 1, N'f0b1e165-5cbd-4ba0-9d4c-0e65c6598928')


INSERT INTO [dbo].[USER_DEFINABLE] ([Id], [UserCreatorId], [Public], [CreatedDate], [UpdatedDate]) VALUES(N'c18f2a11-f593-44b5-9cd2-8dfc4eefa74b', N'1783fb6f-8b1c-4250-9500-ebfe43630e38', 1, CURRENT_TIMESTAMP, CURRENT_TIMESTAMP)
INSERT INTO [dbo].[BLOG] ([Id], [Name], [Description], [BuiltIn], [CategoryId]) VALUES(N'c18f2a11-f593-44b5-9cd2-8dfc4eefa74b', N'Historie a vývoj Bujinkanu', N'-', 1, N'f0b1e165-5cbd-4ba0-9d4c-0e65c6598928')


INSERT INTO [dbo].[USER_DEFINABLE] ([Id], [UserCreatorId], [Public], [CreatedDate], [UpdatedDate]) VALUES(N'5ef11f5f-c5f3-4eef-a993-60bc8674961c', N'1783fb6f-8b1c-4250-9500-ebfe43630e38', 1, CURRENT_TIMESTAMP, CURRENT_TIMESTAMP)
INSERT INTO [dbo].[BLOG] ([Id], [Name], [Description], [BuiltIn], [CategoryId]) VALUES(N'5ef11f5f-c5f3-4eef-a993-60bc8674961c', N'Soké Masaaki Hatsumi', N'-', 1, N'f0b1e165-5cbd-4ba0-9d4c-0e65c6598928')


INSERT INTO [dbo].[USER_DEFINABLE] ([Id], [UserCreatorId], [Public], [CreatedDate], [UpdatedDate]) VALUES(N'663f5037-f984-4af5-a9d0-74af5a73ba04', N'1783fb6f-8b1c-4250-9500-ebfe43630e38', 1, CURRENT_TIMESTAMP, CURRENT_TIMESTAMP)
INSERT INTO [dbo].[BLOG] ([Id], [Name], [Description], [BuiltIn], [CategoryId]) VALUES(N'663f5037-f984-4af5-a9d0-74af5a73ba04', N'Než půjdu na trénink', N'-', 1, N'f0b1e165-5cbd-4ba0-9d4c-0e65c6598928')


INSERT INTO [dbo].[USER_DEFINABLE] ([Id], [UserCreatorId], [Public], [CreatedDate], [UpdatedDate]) VALUES(N'd5c0fa84-dcb5-44f2-a2f9-4d4ffdd69db7', N'1783fb6f-8b1c-4250-9500-ebfe43630e38', 1, CURRENT_TIMESTAMP, CURRENT_TIMESTAMP)
INSERT INTO [dbo].[BLOG] ([Id], [Name], [Description], [BuiltIn], [CategoryId]) VALUES(N'd5c0fa84-dcb5-44f2-a2f9-4d4ffdd69db7', N'Náplň tréninku', N'-', 1, N'f0b1e165-5cbd-4ba0-9d4c-0e65c6598928')

INSERT INTO [dbo].[USER_DEFINABLE] ([Id], [UserCreatorId], [Public], [CreatedDate], [UpdatedDate]) VALUES(N'6d47e299-03a9-4013-b6c1-32c7c6bfa215', N'1783fb6f-8b1c-4250-9500-ebfe43630e38', 1, CURRENT_TIMESTAMP, CURRENT_TIMESTAMP)
INSERT INTO [dbo].[BLOG] ([Id], [Name], [Description], [BuiltIn], [CategoryId]) VALUES(N'6d47e299-03a9-4013-b6c1-32c7c6bfa215', N'Uplatnění v oborech', N'-', 1, N'f0b1e165-5cbd-4ba0-9d4c-0e65c6598928')

INSERT INTO [dbo].[USER_DEFINABLE] ([Id], [UserCreatorId], [Public], [CreatedDate], [UpdatedDate]) VALUES(N'2d06106c-a6ff-4221-8d62-fb2698080682', N'1783fb6f-8b1c-4250-9500-ebfe43630e38', 1, CURRENT_TIMESTAMP, CURRENT_TIMESTAMP)
INSERT INTO [dbo].[BLOG] ([Id], [Name], [Description], [BuiltIn], [CategoryId]) VALUES(N'2d06106c-a6ff-4221-8d62-fb2698080682', N'Pravidla', N'-', 1, N'f0b1e165-5cbd-4ba0-9d4c-0e65c6598928')


INSERT INTO [dbo].[USER_DEFINABLE] ([Id], [UserCreatorId], [Public], [CreatedDate], [UpdatedDate]) VALUES(N'b8c2df14-316d-4bbc-b13b-6e2b4dd9b42e', N'1783fb6f-8b1c-4250-9500-ebfe43630e38', 1, CURRENT_TIMESTAMP, CURRENT_TIMESTAMP)
INSERT INTO [dbo].[BLOG] ([Id], [Name], [Description], [BuiltIn], [CategoryId]) VALUES(N'b8c2df14-316d-4bbc-b13b-6e2b4dd9b42e', N'Informace pro rodiče', N'-', 1, N'f0b1e165-5cbd-4ba0-9d4c-0e65c6598928')

INSERT INTO [dbo].[USER_DEFINABLE] ([Id], [UserCreatorId], [Public], [CreatedDate], [UpdatedDate]) VALUES(N'025ad244-0c02-477d-b40d-18d1e92025e5', N'1783fb6f-8b1c-4250-9500-ebfe43630e38', 1, CURRENT_TIMESTAMP, CURRENT_TIMESTAMP)
INSERT INTO [dbo].[BLOG] ([Id], [Name], [Description], [BuiltIn], [CategoryId]) VALUES(N'025ad244-0c02-477d-b40d-18d1e92025e5', N'Co bude dítě potřebovat', N'-', 1, N'f0b1e165-5cbd-4ba0-9d4c-0e65c6598928')


INSERT INTO [dbo].[USER_DEFINABLE] ([Id], [UserCreatorId], [Public], [CreatedDate], [UpdatedDate]) VALUES(N'da965e9e-a8e4-46e7-b3f9-9bb44de7fbd1', N'1783fb6f-8b1c-4250-9500-ebfe43630e38', 1, CURRENT_TIMESTAMP, CURRENT_TIMESTAMP)
INSERT INTO [dbo].[BLOG] ([Id], [Name], [Description], [BuiltIn], [CategoryId]) VALUES(N'da965e9e-a8e4-46e7-b3f9-9bb44de7fbd1', N'Sponzorství', N'-', 1, N'f0b1e165-5cbd-4ba0-9d4c-0e65c6598928')

INSERT INTO [dbo].[USER_DEFINABLE] ([Id], [UserCreatorId], [Public], [CreatedDate], [UpdatedDate]) VALUES(N'3c1f8aa4-f254-4619-9b2b-3e83ac38f16b', N'1783fb6f-8b1c-4250-9500-ebfe43630e38', 1, CURRENT_TIMESTAMP, CURRENT_TIMESTAMP)
INSERT INTO [dbo].[BLOG] ([Id], [Name], [Description], [BuiltIn], [CategoryId]) VALUES(N'3c1f8aa4-f254-4619-9b2b-3e83ac38f16b', N'Studium v Japonsku', N'-', 1, N'f0b1e165-5cbd-4ba0-9d4c-0e65c6598928')

INSERT INTO [dbo].[USER_DEFINABLE] ([Id], [UserCreatorId], [Public], [CreatedDate], [UpdatedDate]) VALUES(N'22942bfc-a8a6-4b7f-b523-aa1b48cea028', N'1783fb6f-8b1c-4250-9500-ebfe43630e38', 1, CURRENT_TIMESTAMP, CURRENT_TIMESTAMP)
INSERT INTO [dbo].[BLOG] ([Id], [Name], [Description], [BuiltIn], [CategoryId]) VALUES(N'22942bfc-a8a6-4b7f-b523-aa1b48cea028', N'Jissen', N'-', 1, N'f0b1e165-5cbd-4ba0-9d4c-0e65c6598928')

INSERT INTO [dbo].[USER_DEFINABLE] ([Id], [UserCreatorId], [Public], [CreatedDate], [UpdatedDate]) VALUES(N'8f7a9387-edaa-4236-b1e3-0fc1e5fde907}', N'1783fb6f-8b1c-4250-9500-ebfe43630e38', 1, CURRENT_TIMESTAMP, CURRENT_TIMESTAMP)
INSERT INTO [dbo].[BLOG] ([Id], [Name], [Description], [BuiltIn], [CategoryId]) VALUES(N'8f7a9387-edaa-4236-b1e3-0fc1e5fde907', N'Rentaikai', N'-', 1, N'f0b1e165-5cbd-4ba0-9d4c-0e65c6598928')


INSERT INTO [dbo].[USER_DEFINABLE] ([Id], [UserCreatorId], [Public], [CreatedDate], [UpdatedDate]) VALUES(N'deafe0e0-5747-4dc1-854a-e6279a8b16bd', N'1783fb6f-8b1c-4250-9500-ebfe43630e38', 1, CURRENT_TIMESTAMP, CURRENT_TIMESTAMP)
INSERT INTO [dbo].[BLOG] ([Id], [Name], [Description], [BuiltIn], [CategoryId]) VALUES(N'deafe0e0-5747-4dc1-854a-e6279a8b16bd', N'Umění nebo sport?', N'-', 1, N'f0b1e165-5cbd-4ba0-9d4c-0e65c6598928')

INSERT INTO [dbo].[USER_DEFINABLE] ([Id], [UserCreatorId], [Public], [CreatedDate], [UpdatedDate]) VALUES(N'c2d1525c-2a26-45c8-abe9-5c5c37104f0d', N'1783fb6f-8b1c-4250-9500-ebfe43630e38', 1, CURRENT_TIMESTAMP, CURRENT_TIMESTAMP)
INSERT INTO [dbo].[BLOG] ([Id], [Name], [Description], [BuiltIn], [CategoryId]) VALUES(N'c2d1525c-2a26-45c8-abe9-5c5c37104f0d', N'Typy bojových umění', N'-', 1, N'f0b1e165-5cbd-4ba0-9d4c-0e65c6598928')

INSERT INTO [dbo].[USER_DEFINABLE] ([Id], [UserCreatorId], [Public], [CreatedDate], [UpdatedDate]) VALUES(N'da10a6b0-f735-4e17-9928-6571c230be06', N'1783fb6f-8b1c-4250-9500-ebfe43630e38', 1, CURRENT_TIMESTAMP, CURRENT_TIMESTAMP)
INSERT INTO [dbo].[BLOG] ([Id], [Name], [Description], [BuiltIn], [CategoryId]) VALUES(N'da10a6b0-f735-4e17-9928-6571c230be06', N'Specifika bujinkanu', N'-', 1, N'f0b1e165-5cbd-4ba0-9d4c-0e65c6598928')


INSERT INTO [dbo].[USER_DEFINABLE] ([Id], [UserCreatorId], [Public], [CreatedDate], [UpdatedDate]) VALUES(N'1ec3b993-c94c-4be7-aa4a-bc0067892fb3', N'1783fb6f-8b1c-4250-9500-ebfe43630e38', 1, CURRENT_TIMESTAMP, CURRENT_TIMESTAMP)
INSERT INTO [dbo].[BLOG] ([Id], [Name], [Description], [BuiltIn], [CategoryId]) VALUES(N'1ec3b993-c94c-4be7-aa4a-bc0067892fb3', N' O Bujinkan Czech Dojo', N'-', 1, N'f0b1e165-5cbd-4ba0-9d4c-0e65c6598928')

/* MENU ITEM */


/* TODO CHECK */
INSERT INTO [dbo].[MENU_ITEM] ([Id], [Name], [Url], [BuiltIn], [Order], [EntityType], [AssociationType], [Level], [ParentMenuItemId], [UserDefinableId], [CreatedDate], [UpdatedDate]) VALUES ('aa9672f1-8e99-4114-b7b3-68a1da3968fd', N'Úvod', N'/home', 0, 1, 0, 2, 0, NULL, NULL, '20170113 08:42:43', '20170117 12:54:59')

INSERT INTO [dbo].[MENU_ITEM] ([Id], [Name], [Url], [BuiltIn], [Order], [EntityType], [AssociationType], [Level], [ParentMenuItemId], [UserDefinableId], [CreatedDate], [UpdatedDate]) VALUES ('d2ae8fb2-24c0-4103-bb50-37bc74331d78', N'Bujinkan', NULL, 0, 2, 0, 2, 0, NULL, NULL, '20170113 08:43:40', '20170124 22:45:17')

INSERT INTO [dbo].[MENU_ITEM] ([Id], [Name], [Url], [BuiltIn], [Order], [EntityType], [AssociationType], [Level], [ParentMenuItemId], [UserDefinableId], [CreatedDate], [UpdatedDate]) VALUES ('d57bb292-aa53-4096-aac4-a9cf7a44b0c3', N'Bujinkan pod lupou', NULL, 0, 1, 0, 1, 1, 'd2ae8fb2-24c0-4103-bb50-37bc74331d78', NULL, '20170113 08:43:40', '20170124 22:45:17')
INSERT INTO [dbo].[MENU_ITEM] ([Id], [Name], [Url], [BuiltIn], [Order], [EntityType], [AssociationType], [Level], [ParentMenuItemId], [UserDefinableId], [CreatedDate], [UpdatedDate]) VALUES ('066468fa-0b0f-4686-baa5-e29847d83b61', N'Je Bujinkan pro Vás', N'/blog/Details/41ad32ed-a857-43a1-b181-f65ad07f80fc', 0, 1, 2, 4, 2, 'd57bb292-aa53-4096-aac4-a9cf7a44b0c3', '41ad32ed-a857-43a1-b181-f65ad07f80fc', '20170113 08:45:18', '20170117 11:25:57')
INSERT INTO [dbo].[MENU_ITEM] ([Id], [Name], [Url], [BuiltIn], [Order], [EntityType], [AssociationType], [Level], [ParentMenuItemId], [UserDefinableId], [CreatedDate], [UpdatedDate]) VALUES ('375d4438-1a9a-4d6b-b0fd-2b80f9fd0f63', N'Historie a vývoj Bujinkanu', N'/blog/Details/c18f2a11-f593-44b5-9cd2-8dfc4eefa74b', 0, 2, 2, 4, 2, 'd57bb292-aa53-4096-aac4-a9cf7a44b0c3', 'c18f2a11-f593-44b5-9cd2-8dfc4eefa74b', '20170113 08:45:32', '20170113 08:49:16')
INSERT INTO [dbo].[MENU_ITEM] ([Id], [Name], [Url], [BuiltIn], [Order], [EntityType], [AssociationType], [Level], [ParentMenuItemId], [UserDefinableId], [CreatedDate], [UpdatedDate]) VALUES ('2501d2cf-35d2-488e-a64c-bf375b795235', N'Soké Masaaki Hatsumi', N'/blog/Details/5ef11f5f-c5f3-4eef-a993-60bc8674961c', 0, 3, 2, 4, 2, 'd57bb292-aa53-4096-aac4-a9cf7a44b0c3', '5ef11f5f-c5f3-4eef-a993-60bc8674961c', '20170113 08:45:40', '20170117 11:26:09')

INSERT INTO [dbo].[MENU_ITEM] ([Id], [Name], [Url], [BuiltIn], [Order], [EntityType], [AssociationType], [Level], [ParentMenuItemId], [UserDefinableId], [CreatedDate], [UpdatedDate]) VALUES ('d6089df4-6f82-4941-89ae-034854f47644', N'Trénink a rozvoj', NULL, 0, 2, 0, 1, 1, 'd2ae8fb2-24c0-4103-bb50-37bc74331d78', NULL, '20170113 08:43:48', '20170113 08:44:34')
INSERT INTO [dbo].[MENU_ITEM] ([Id], [Name], [Url], [BuiltIn], [Order], [EntityType], [AssociationType], [Level], [ParentMenuItemId], [UserDefinableId], [CreatedDate], [UpdatedDate]) VALUES ('232ccd3f-66bf-4ad1-9355-0216f9899d7f', N'Než půjdu na trénink', N'/blog/Details/663f5037-f984-4af5-a9d0-74af5a73ba04', 0, 1, 2, 4, 2, 'd6089df4-6f82-4941-89ae-034854f47644', '663f5037-f984-4af5-a9d0-74af5a73ba04', '20170113 08:45:50', '20170117 11:26:23')
INSERT INTO [dbo].[MENU_ITEM] ([Id], [Name], [Url], [BuiltIn], [Order], [EntityType], [AssociationType], [Level], [ParentMenuItemId], [UserDefinableId], [CreatedDate], [UpdatedDate]) VALUES ('2150b834-721b-4cba-b06a-b33d4dd254b9', N'Náplň tréninku', N'/blog/Details/d5c0fa84-dcb5-44f2-a2f9-4d4ffdd69db7', 0, 2, 2, 4, 2, 'd6089df4-6f82-4941-89ae-034854f47644', 'd5c0fa84-dcb5-44f2-a2f9-4d4ffdd69db7', '20170113 08:45:56', '20170117 11:26:32')
INSERT INTO [dbo].[MENU_ITEM] ([Id], [Name], [Url], [BuiltIn], [Order], [EntityType], [AssociationType], [Level], [ParentMenuItemId], [UserDefinableId], [CreatedDate], [UpdatedDate]) VALUES ('93e60554-f4d5-4f0f-a40b-78e1d5981670', N'Příběhy studentů', NULL, 0, 3, 0, 0, 2, 'd6089df4-6f82-4941-89ae-034854f47644', NULL, '20170113 08:46:06', '20170113 08:46:06')
INSERT INTO [dbo].[MENU_ITEM] ([Id], [Name], [Url], [BuiltIn], [Order], [EntityType], [AssociationType], [Level], [ParentMenuItemId], [UserDefinableId], [CreatedDate], [UpdatedDate]) VALUES ('f40dd3d8-0cfc-46f6-8024-3ea6a6b179d8', N'Uplatnění v oborech', N'/blog/Details/6d47e299-03a9-4013-b6c1-32c7c6bfa215', 0, 4, 2, 4, 2, 'd6089df4-6f82-4941-89ae-034854f47644', '6d47e299-03a9-4013-b6c1-32c7c6bfa215', '20170113 08:46:17', '20170117 11:27:05')
INSERT INTO [dbo].[MENU_ITEM] ([Id], [Name], [Url], [BuiltIn], [Order], [EntityType], [AssociationType], [Level], [ParentMenuItemId], [UserDefinableId], [CreatedDate], [UpdatedDate]) VALUES ('7cf2a95c-12c8-4aaa-9251-8234fc1685a8', N'Pravidla', N'/blog/Details/2d06106c-a6ff-4221-8d62-fb2698080682', 0, 5, 2, 4, 2, 'd6089df4-6f82-4941-89ae-034854f47644', '2d06106c-a6ff-4221-8d62-fb2698080682', '20170113 08:46:32', '20170113 08:46:32')

INSERT INTO [dbo].[MENU_ITEM] ([Id], [Name], [Url], [BuiltIn], [Order], [EntityType], [AssociationType], [Level], [ParentMenuItemId], [UserDefinableId], [CreatedDate], [UpdatedDate]) VALUES ('b02fc4af-3577-45e5-93fc-cb937d83a20b', N'Trénink pro děti', NULL, 0, 3, 2, 1, 1, 'd2ae8fb2-24c0-4103-bb50-37bc74331d78', NULL, '20170113 08:43:57', '20170124 22:47:39')
INSERT INTO [dbo].[MENU_ITEM] ([Id], [Name], [Url], [BuiltIn], [Order], [EntityType], [AssociationType], [Level], [ParentMenuItemId], [UserDefinableId], [CreatedDate], [UpdatedDate]) VALUES ('8a94c3bb-7d2e-4a7f-91bf-a30940ece936', N'Informace pro rodiče', N'/blog/Details/b8c2df14-316d-4bbc-b13b-6e2b4dd9b42e', 0, 1, 2, 4, 2, 'b02fc4af-3577-45e5-93fc-cb937d83a20b', 'b8c2df14-316d-4bbc-b13b-6e2b4dd9b42e', '20170113 08:46:41', '20170117 11:27:20')
INSERT INTO [dbo].[MENU_ITEM] ([Id], [Name], [Url], [BuiltIn], [Order], [EntityType], [AssociationType], [Level], [ParentMenuItemId], [UserDefinableId], [CreatedDate], [UpdatedDate]) VALUES ('93515af5-3edd-470d-9c85-829a209e922e', N'Co bude dítě potřebovat', N'/blog/Details/025ad244-0c02-477d-b40d-18d1e92025e5', 0, 2, 2, 4, 2, 'b02fc4af-3577-45e5-93fc-cb937d83a20b', '025ad244-0c02-477d-b40d-18d1e92025e5', '20170113 08:46:52', '20170117 11:27:45')
INSERT INTO [dbo].[MENU_ITEM] ([Id], [Name], [Url], [BuiltIn], [Order], [EntityType], [AssociationType], [Level], [ParentMenuItemId], [UserDefinableId], [CreatedDate], [UpdatedDate]) VALUES ('2b7bcae7-7ea7-4a19-9379-2ff19f565908', N'Ohlasy dětí', N'/blog/Details/8e125063-0c65-4309-9f3f-7b230e56578b', 0, 3, 2, 4, 2, 'b02fc4af-3577-45e5-93fc-cb937d83a20b', NULL, '20170113 08:46:59', '20170117 11:27:56')

INSERT INTO [dbo].[MENU_ITEM] ([Id], [Name], [Url], [BuiltIn], [Order], [EntityType], [AssociationType], [Level], [ParentMenuItemId], [UserDefinableId], [CreatedDate], [UpdatedDate]) VALUES ('009422ef-ccba-4ad5-8ae5-719d84459d20', N'Vlastní aktivity', NULL, 0, 4, 0, 1, 1, 'd2ae8fb2-24c0-4103-bb50-37bc74331d78', NULL, '20170113 08:44:05', '20170113 08:44:26')
INSERT INTO [dbo].[MENU_ITEM] ([Id], [Name], [Url], [BuiltIn], [Order], [EntityType], [AssociationType], [Level], [ParentMenuItemId], [UserDefinableId], [CreatedDate], [UpdatedDate]) VALUES ('f250a22f-aba5-4a1c-8bf3-f26aaf99dd77', N'Knihy', N'/product/', 0, 1, 7, 3, 2, '009422ef-ccba-4ad5-8ae5-719d84459d20', NULL, '20170113 08:47:09', '20170117 11:28:06')
INSERT INTO [dbo].[MENU_ITEM] ([Id], [Name], [Url], [BuiltIn], [Order], [EntityType], [AssociationType], [Level], [ParentMenuItemId], [UserDefinableId], [CreatedDate], [UpdatedDate]) VALUES ('174143c5-3ce7-48b0-bc61-fa9ed337b1b6', N'Sponzorství', N'/blog/Details/da965e9e-a8e4-46e7-b3f9-9bb44de7fbd1', 0, 2, 2, 4, 2, '009422ef-ccba-4ad5-8ae5-719d84459d20', 'da965e9e-a8e4-46e7-b3f9-9bb44de7fbd1', '20170113 08:47:16', '20170117 11:28:14')
INSERT INTO [dbo].[MENU_ITEM] ([Id], [Name], [Url], [BuiltIn], [Order], [EntityType], [AssociationType], [Level], [ParentMenuItemId], [UserDefinableId], [CreatedDate], [UpdatedDate]) VALUES ('db551ad6-d0f6-4362-94b5-d8c3e5ebd87a', N'Studium v Japonsku', N'/blog/Details/3c1f8aa4-f254-4619-9b2b-3e83ac38f16b', 0, 3, 2, 4, 2, '009422ef-ccba-4ad5-8ae5-719d84459d20', '3c1f8aa4-f254-4619-9b2b-3e83ac38f16b', '20170113 08:47:24', '20170117 11:29:00')
INSERT INTO [dbo].[MENU_ITEM] ([Id], [Name], [Url], [BuiltIn], [Order], [EntityType], [AssociationType], [Level], [ParentMenuItemId], [UserDefinableId], [CreatedDate], [UpdatedDate]) VALUES ('560bf836-b3c0-4361-9713-ac910daf738a', N'Jissen', N'/blog/Details/22942bfc-a8a6-4b7f-b523-aa1b48cea028', 0, 4, 2, 4, 2, '009422ef-ccba-4ad5-8ae5-719d84459d20', '22942bfc-a8a6-4b7f-b523-aa1b48cea028', '20170113 08:47:29', '20170117 11:29:10')
INSERT INTO [dbo].[MENU_ITEM] ([Id], [Name], [Url], [BuiltIn], [Order], [EntityType], [AssociationType], [Level], [ParentMenuItemId], [UserDefinableId], [CreatedDate], [UpdatedDate]) VALUES ('1fb79470-a03b-4ac8-8f51-940d21033c62', N'Rentaikai', N'/blog/Details/8f7a9387-edaa-4236-b1e3-0fc1e5fde907', 0, 5, 2, 4, 2, '009422ef-ccba-4ad5-8ae5-719d84459d20', '8f7a9387-edaa-4236-b1e3-0fc1e5fde907', '20170113 08:47:34', '20170117 11:35:02')

INSERT INTO [dbo].[MENU_ITEM] ([Id], [Name], [Url], [BuiltIn], [Order], [EntityType], [AssociationType], [Level], [ParentMenuItemId], [UserDefinableId], [CreatedDate], [UpdatedDate]) VALUES ('f88c7b87-d8d7-44d3-80ea-5071927385b8', N'Jak vybrat bojové umění', NULL, 0, 3, 0, 0, 0, NULL, NULL, '20170113 08:43:06', '20170113 08:43:06')
INSERT INTO [dbo].[MENU_ITEM] ([Id], [Name], [Url], [BuiltIn], [Order], [EntityType], [AssociationType], [Level], [ParentMenuItemId], [UserDefinableId], [CreatedDate], [UpdatedDate]) VALUES ('b41d8fe7-55b3-439f-a40e-11f23d567ad9', N'Výběr bojového umění', NULL, 0, 1, 0, 1, 1, 'f88c7b87-d8d7-44d3-80ea-5071927385b8', NULL, '20170113 08:44:19', '20170113 08:44:19')
INSERT INTO [dbo].[MENU_ITEM] ([Id], [Name], [Url], [BuiltIn], [Order], [EntityType], [AssociationType], [Level], [ParentMenuItemId], [UserDefinableId], [CreatedDate], [UpdatedDate]) VALUES ('a3e6b715-e129-414d-a5b8-b5f7de452dd2', N'Umění nebo sport?', N'/blog/Details/deafe0e0-5747-4dc1-854a-e6279a8b16bd', 0, 1, 2, 4, 2, 'b41d8fe7-55b3-439f-a40e-11f23d567ad9', 'deafe0e0-5747-4dc1-854a-e6279a8b16bd', '20170113 08:47:43', '20170117 11:35:11')
INSERT INTO [dbo].[MENU_ITEM] ([Id], [Name], [Url], [BuiltIn], [Order], [EntityType], [AssociationType], [Level], [ParentMenuItemId], [UserDefinableId], [CreatedDate], [UpdatedDate]) VALUES ('d48a1e9b-06e1-44a0-8b17-1be73b12429e', N'Typy bojových umění', N'/blog/Details/c2d1525c-2a26-45c8-abe9-5c5c37104f0d', 0, 2, 2, 4, 2, 'b41d8fe7-55b3-439f-a40e-11f23d567ad9', 'c2d1525c-2a26-45c8-abe9-5c5c37104f0d', '20170113 08:47:51', '20170117 11:35:20')
INSERT INTO [dbo].[MENU_ITEM] ([Id], [Name], [Url], [BuiltIn], [Order], [EntityType], [AssociationType], [Level], [ParentMenuItemId], [UserDefinableId], [CreatedDate], [UpdatedDate]) VALUES ('93357445-d776-406d-b67e-ac8dc82734bd', N'Specifika Bujinkanu', N'/blog/Details/da10a6b0-f735-4e17-9928-6571c230be06', 0, 3, 2, 4, 2, 'b41d8fe7-55b3-439f-a40e-11f23d567ad9', 'da10a6b0-f735-4e17-9928-6571c230be06', '20170113 08:47:58', '20170117 11:35:28')


INSERT INTO [dbo].[MENU_ITEM] ([Id], [Name], [Url], [BuiltIn], [Order], [EntityType], [AssociationType], [Level], [ParentMenuItemId], [UserDefinableId], [CreatedDate], [UpdatedDate]) VALUES ('518baa3c-fc4f-44b6-baa1-48937c8ff279', N'Kalendář', NULL, 0, 4, 0, 0, 0, NULL, NULL, '20170113 08:43:13', '20170113 08:43:13')
INSERT INTO [dbo].[MENU_ITEM] ([Id], [Name], [Url], [BuiltIn], [Order], [EntityType], [AssociationType], [Level], [ParentMenuItemId], [UserDefinableId], [CreatedDate], [UpdatedDate]) VALUES ('00cc2726-de3e-47fe-b163-e7d0b18b69ec', N'Pořádané akce', NULL, 0, 1, 0, 1, 1, '518baa3c-fc4f-44b6-baa1-48937c8ff279', NULL, '20170113 08:44:44', '20170113 08:44:44')
INSERT INTO [dbo].[MENU_ITEM] ([Id], [Name], [Url], [BuiltIn], [Order], [EntityType], [AssociationType], [Level], [ParentMenuItemId], [UserDefinableId], [CreatedDate], [UpdatedDate]) VALUES ('667cb53d-c441-4692-9540-e2d89932cf86', N'Shihan Luboš Pokorný', NULL, 0, 1, 0, 0, 2, '00cc2726-de3e-47fe-b163-e7d0b18b69ec', NULL, '20170113 08:48:19', '20170113 08:48:19')
INSERT INTO [dbo].[MENU_ITEM] ([Id], [Name], [Url], [BuiltIn], [Order], [EntityType], [AssociationType], [Level], [ParentMenuItemId], [UserDefinableId], [CreatedDate], [UpdatedDate]) VALUES ('099b2260-0d37-48e7-b467-74461afc0ab5', N'Semináře BCD', N'/seminar/', 0, 2, 4, 3, 2, '00cc2726-de3e-47fe-b163-e7d0b18b69ec', NULL, '20170113 08:48:32', '20170113 08:48:32')

INSERT INTO [dbo].[MENU_ITEM] ([Id], [Name], [Url], [BuiltIn], [Order], [EntityType], [AssociationType], [Level], [ParentMenuItemId], [UserDefinableId], [CreatedDate], [UpdatedDate]) VALUES ('a80f23c0-d040-4758-85c7-b057ae80eac7', N'O nás', NULL, 0, 5, 0, 0, 0, NULL, NULL, '20170113 08:43:18', '20170113 08:43:18')
INSERT INTO [dbo].[MENU_ITEM] ([Id], [Name], [Url], [BuiltIn], [Order], [EntityType], [AssociationType], [Level], [ParentMenuItemId], [UserDefinableId], [CreatedDate], [UpdatedDate]) VALUES ('38e895dd-1441-482b-9909-fec46d96bb40', N'Kontaktní informace', NULL, 0, 1, 0, 1, 1, 'a80f23c0-d040-4758-85c7-b057ae80eac7', NULL, '20170113 08:44:56', '20170113 08:48:40')
INSERT INTO [dbo].[MENU_ITEM] ([Id], [Name], [Url], [BuiltIn], [Order], [EntityType], [AssociationType], [Level], [ParentMenuItemId], [UserDefinableId], [CreatedDate], [UpdatedDate]) VALUES ('281f6e29-0dda-4b29-b7cf-df37ffc1a160', N'o Bujinkan Czech Dojo', N'/blog/Details/1ec3b993-c94c-4be7-aa4a-bc0067892fb3', 0, 1, 2, 4, 2, '38e895dd-1441-482b-9909-fec46d96bb40', '1ec3b993-c94c-4be7-aa4a-bc0067892fb3', '20170113 08:49:03', '20170113 08:49:03')
INSERT INTO [dbo].[MENU_ITEM] ([Id], [Name], [Url], [BuiltIn], [Order], [EntityType], [AssociationType], [Level], [ParentMenuItemId], [UserDefinableId], [CreatedDate], [UpdatedDate]) VALUES ('f4a04404-86e7-4502-9d79-549742b5f242', N'Instruktoři', N'/user/', 0, 2, 0, 3, 2, '38e895dd-1441-482b-9909-fec46d96bb40', NULL, '20170113 08:49:32', '20170113 08:49:32')





