INSERT [dbo].[__MigrationHistory] ([MigrationId], [ContextKey], [Model], [ProductVersion]) VALUES (N'201704240617490_InitialCreate', N'Server.Context.BujinkanContext', 0x1F8B0800000000000400ED3D5D73E3B891EF5775FF41A5A724B5B1EC99CBDD66CA4E4A23CBB3DAB5244792676EF3E2A229D86696221592F2DAB9CA2FCBC3FDA4FB0B471024884F12204152B255533565E1A30174371A8D4677F3FFFEF5BFE77F7ED9B8BD6710848EEF5DF4CF4E4EFB3DE0D9FEDAF11E2FFABBE8E1F7DFF7FFFCA77FFFB7F3F17AF3D2FB9AB5FB08DBC53DBDF0A2FF1445DB4F8341683F818D159E6C1C3BF043FF213AB1FDCDC05AFB830FA7A77F1C9C9D0D400CA21FC3EAF5CE173B2F723620F911FF1CF99E0DB6D1CE72A7FE1AB8615A1ED72C13A8BD99B501E1D6B2C1457F098278BA27719708BC44FDDED075AC1016BB0FFD9EE5797E6445F11C3FDD86601905BEF7B8DCC60596BB7ADD82B8DD83E586209DFBA7BCB9EA324E3FC0650CF28E19287B1746FE4613E0D9C7142F03B67B25ECF631DE62CC8D630C47AF70D509F62EFA431B22382EEBF7D8D13E8DDC00B6C4D84DC870827B7CD743E5DF610E881905FEFBAE37DAB9D12E00171ED84581E57ED7BBD9DDBB8EFD13785DF9BF00EFC2DBB92E39AF7866711D551017DD04FE1604D1EB023CA4B39DACFBBD01DD6FC076C4DD883E68195F764EFCF72C1EDBBA7701A6FAA0B03BFC3F0310B34EBC03FABDA9F5720DBCC7E8E9A21FFFD9EF5D392F609D95A4506F3D27DE3071A728D8950E7209423B70B688C60D8F751BB8CDAFC78A30D2E0DF2B67533EAF100497E0C1F1207158A215771D05201E642D1E5593DEB7DB75755833EBD9794C364FD1E2FABD05709356E193B345522ADF56774CDBABC0DF2C7C97DCAB7493BBA5BF0B6C385BBFB8DDCA0A1E41444FFA7C908B844241C1CC4A515850BDEA0A8CDEF03E8C6BED2865C2C3102068251988CF7E4C22CBD386B21F2CAECC2D9F5DFF51994960E3DABCF1D90A41063BDE4E34BBBE2F09FF79E7B8D1C4ABCB7210859A7238E6A2473F78D5DD3152B19901144A4CC83677798B5C4E52159C74A46B4532B14C90CB67836A9999C042F12C929A5A521982C951A0B1DFB24EA6F75D3E9941E971A2758A7428203EEFFEE678BF58DECA89DC5C522444A76B3437D8951384512BD267B90BBC36C6196F2CA779EDF2C60AC35FFD60DDF840DFC07DE3635CC5F7D77BDFFFA579AC3DF95E0BE79C85CF9D89179DFD6759FB79B0868200F7F8F8417B1BB579B48EFC9D17F1075CC904FDBFF97A3DE01961EE104573169E5AC909841BE4071759CE9D5D54A5EE010A91219C0AAC484EC4909C485E8A47CAA641546533549DC4F8197851289C4652C5CF8328E62642D6E9CE0442905306D53264817F8A6992D4E8126415588E17EF16313AB25A4EB5A12A3894D0B522A428AB38983B159585B4FDD13A65F0BC8D9E9A97AC8775C145624C912561E3E30577EF2EB8F3E0D1F29C7F2494839028D59EAFD4B5D838CF8E3D0C43DF7612200BF0E840F3552B189AD86F44D76F4E3D2EBCE28B0FC35215853D9505DA4B2569936818CAE22669DDACBC2936C5B21AC61368E38E1B594154FBE8187BEBDA3086EB7500C2B0F9233379B66B7890BF3A5BD8B8F171BE6C9B47586B77ED360FC3E593FFEB4DE0FC03D43D0E132053B0B9A72EE4E557F8A4DFCCDFE8F71CED820078F62B75F0E685DA5B1736161DB3553142C2BA04D6DA75720B8AEAB3265A4E74130B27C776B68E955C3CEBD83B62B67136BB4D11C4328281ADF5BA498E142D3A67DDAAE26268DBF07236DB919CD2B1ADA692D904DDF8057613AA825307E8DA2A4F0F956D16E2A918504D90EEA0A7A0107D4CAB29E9448A1F1F966013EB31EAEF0F69FB4EE68A4C408A13858D8F860F73C778ACBE277609036709DC6AA66041329B823505DECE142C64C341D6974BE082080C5DD70CD083310C65964FE53D9B75E8D0407469D12A58F25B13B5FB73FDBAF283D193E3C677B0DA0C7DBCC9EDE94DAE5587497D3F98E6344FFCB022503ED93A4EE9E31A18F37E517C26924EA8BE278CB6174C531E30350C65AD2835958CE7CA64B876BC5FB4494176EACA2129C6D27A6747DA7367FA7535FD2F96EB028D69A7EDDFFCAB9409AD31C515F7444495EFB5D34A4CE19B273FD2F442D1F1C82F38CCB2C18507478AC33BB2597E7AF0B5DC11226852E5542B76CECF0691BAE60B1B48E76AD02D7F01C27410551341DAE16826382CFF88C2CD789057EA7A5B32E363F99E14B7E036A5A4593DA328520A749588B77E1AB7127AD6E2C14A3DBB293DBD187BAC33FB74D66EE046CAEDC2D80DB68EDBAE5C835A1B15DE3CB4AE29C763F3280D0C6FA2833B9C0B3737DC24C29D4D5570DB9AAEADB5A7E18BC624021BE57D9D7538EEED83DADBC6BC406B47A0E42C481DC7195F91D5BA0F10B9FFA8143CD746730C321C50CF40700D9E815B0F753716F48EC996D29C7DE2E0842C8D18A1A8CD2AEFD8B6B9D09534E1C4AFAC9DAE2965B9BBCFFA8A5D556ACC998D31295B9BB9BB26062DBD6B8A5BC8D16CF0AEF9971D08917EA378DC651DDEC77197AD766A05CDFB7D0EBDF0D7363CDBF6427A2973E857DFB6EE77AEA5F13C9177791F5CFAAD8D70E6556079A14B10FADD32E86E43B02713C43F09AF5CEB314F0A56C0B14FF1C1B33EB98CFC3031B585743E809873930695AD79B75EAC99BAAF3189480D8B4616F2D7CE9870B65C2D6E47ABF9A2DFFB6AB9BBB8E894432FD563F9C3E4721EFF87DB9F95B6FF6138C3AD3FF00847A82D40371F58550DE3D0392FE4C2B4DA47FA6C3E1BABA27BB85CCE4793E16A329FC930AE84C3DCD0570D7759FFF6B135FAEB4FAAC81ADF2EE6AA7C79BBBC943125DBF4C79B9F71D38F15709F38C755433B0EB5861E76EDE37E3A9F5D0E7F5645FFEA76BC249B9750E0DBF872467728A1C3EA87DB05D5FE6371FBABC5846CFD1F25826AB8BA5D90EDFF50D2FE96C20D1F0C41EFE32F8BF1783A9EAD7087FFAAC04994FF40358E42201C1092CE08ED73D697E1F5F578A1CC5AC3EBCFB75355C61A2E5693D1F5B8D69923B2C468237CE40700611D5F7105269E0CF949F3F628F0F97AFE4559B07E2539B704FD378BF965AC52A8EEEAE5783A990D17AA9BFA76395EC8B6B4166539239851F232D03BA2F1787AB3FAF9EE7A32533E4297E311D435EE625175AB4AF01FE653E96663DBC2B9DCADE6F19C962B5592677D9637E3D1E46A325295E8D4BAFFA0C22A04D5085367FE38410F36F6D6BDC2FC71B9E51565379CC65476B6315DE39D7FD1FF1D377B19406CC7A201E66F2634609E5CF14D15408B9763B923DF83EEA58E17F1D75AC7B39DADE516CD81E9A4781B86F8C6E0D99A4BB00531637B51113255C6254DD2FCF87818E69E5E869BF301C115C5CC42E5469291569C288976C1D06115616E25F2893F73FBA6419E9E9C18E213D1045A6013111E95B82477B5EF844988941032928AF243E40445896414A8290428E010358EABC41BFC4A5AE00C7EB52A836639D73A610A3A3C58464649AC704EC9343E545D7888E38BDB941EC219B4C024425C1E82FC2043B78BC92A952015D9A48E00D13D459320E6C2238F4E6A57F3FCA4F2E011C0502C35AB5EB1649F7B2876B537B4D1371B4656685B6BDE501D2B9D6B53272E39E5B68E5B12E72A636659293BD9285CE09B8C03E451703923E441BAEA9C250D9E6B53BECA26D102CBC8F07A0852960E4F2CA5301DAB68886DE83C99C512AE018621876F935B485CAA8C9B45DB76C2277912F7C2ABBC8C3F2AD905BAE10B6EE8B64C0107C50F922013193DCB224E084D04876DA9734B49A08A34EE63EF149EE285B4C088C57452E54ACAF5B013F614044FCA98A72892928B68D5E1CA82F84B057E3727D0E4F36881A1E4D855D38EC8F8DC4E39494DCE9544BB1AE1A77A42CE3C5F7525AB0A717D38A28A8BF992D15F1E0096931E8757AAB395346C8C07DBF0438C6C262DF0920CB74A42AAEBE718D907F264142FFD5A5E4E78E22398EA1C55F695BDF64555C98C5A60B0129C1F8EB8A2A3D8642C200969CB098FC24BD5794A1C05C70094CBA7AE157BE1F45B603B211D0E42A8C9C261640C521ACFC38787E9F05F69E84D397873E2AC64322DF05509B65566C0C7B775CB676A6767593893212EDB9783B378426D32DA411D9BC8E9117E733DEE917B22A63110F85BEC9CE75D3CD7D4F92E1466C54370972062343F0784FD5EEE69C92B6F1CC7D170281C894031EC56020E3D6A8827851F824A6040F28BFAA397CAB2CEA9514508001B5C4A80C0B3530400A92E259D89584F0E402E194A8064117A222079706309101C3026A6071982C64022983B07C77C5B96684398FA250A226FE2E754443C7B9E29B97D5BE646A80C8BDAC7717B0534D09F07E4B1207791A3262E7492AB8603A17F1C018AD894B5574F7EEE875FBBCCF38B9AAEC0F7ABDABA053E5F4D129EF9C001BFFA0217276ADE6227A76A3810BB3735447CEA9B0AB2F597915FE4B95367EDED3140EEB623DBF6BC4F0FBF5129AF9E1A1B9E72E821E0A4C767EDD5F25995F945173BA0507396BAA0544381D4F3A421D667923917A0827F2A174F9C7A30AF8904EABDBCC92D407CD15D72FE972C9FF715A871EEB7B66C5962451E072AAFE3D4424ADEC7C98D9DABB605882979116F124BA2BCB53C86CA1E68852F5F8227DA6A7C53F034AB82EA1A5829651D85F7468D17C77AE8699F79F804883C868A1FCCD49ECCAAE145FA54D6244A64AF3B02CC283D04693D05110BA36C0D05482A7BFD6912574C8A3D1E4305AF170AEF17C4D453E340011EC42F164DAE5E9A418AC78392755DCBBE4E2C8CB07D14E0A7CCA2AE02B00E924A77938A6558C7365C1D43CD6DA42C110C3655E2BAF3C1D27E021B2B2D381FC44D6CB0857B3B4944146615536BBB85991BF29E69496FB9B56C680DFCFDB2DF7BD9B85E78D17F8AA2EDA7C1204C4087271BC70EFCD07F884E6C7F33B0D6FEE0C3E9E91F076767830D8231B0A94B246B58C523457E603D02A616EAFE6B70E50461746945D6BD05A39D47EB0DD78C35CC4A0C6AD968BCED95A7616665CBFAC0BFD3C86394CD291D8B30D2F2C6ECB4F355BC36F871C96499402092057DE3DE4BDB72AD40908D69E4BBBB8D2737CFCB7BC3FFE9FEA8441D02957696044455A8C34BD269927092028DF924C993A88924251A3360DF17A8D9943D3EC8E15299A248985485C63CC96C51D41CC90A1EDEF9806143EEF984E37646FAB01B48697B31224D67874D42F8F7FCE137CC56A340FEB6C27E2B3C08E498AFB7E75086041A4256F6FEB8494FB8266107FA744E5286BC5B918AB30793B070A19E6014C9434D314838A2507C5BE0A0D2059BC92E150AEC361AAEC65FE68B9F1B60B978866B27F17648D383A06C38149738904BE0677CE369758F4B91E5504534C374392D6D59262D22BD4DA82A75988996CACB02A2581DD67217781C245CA80E67BCB11C46BB4A8B344E2F2B0C7F4D527852E7172E5587F40DDCD34092020D0CC797917BDFFF8541302ED558D393EF31D84D8B74F44E56585B5AC235CDCD4E42488BBA3B388858564A52CB435C0BE69666A9A0A625C95C218792C565935064B1DA6D0BBA24BD89BEA0BB9CFF383FEA267575133ED52ABD93D85A8D4DE03C3B36616F598047077A8EF128286EA93EE284B91C4CB42E062684BCBE686D78ABC96E8089AF40959B1F4A0CD8D2B65B3D0176DFA5451A3A00FAE838A501A0220DD6F098652405EAFDF137C24918B850674B4117467AEBF04E8D4510F007BE4920B8501D4EF2016F124652D0850E625AB0129F5FA378262FD6D08F600794A190D192C80A4D78337F2383985769F014CE134DF1152ED5D925D01A2417F3A27A0D0D86E87709ACB5EBB0AAA7B8852E26A29B583838B6B3752C2F0A4558615BA88F30B55E9CCD6E533082B8850E8780ADF50A2537CB1E79791568628C8BEA35A4A26D438578B6E3B999A96A56F36E57DB45164B94906B7F8E5FCE3C922600DE63FBC812C0A9543191B486449CE9788FD1881316E9E371B5184E6693596B16E224AD3E6D2AD03AA0F64115BCF283D193E3C6AA1F733A521547D5B2BA6A69FC61D58CF57EFF0E26D9DD3033E057B91E3668C16FC830A36B4869573A53C1DC7B450EEEB043C9D7F7F8A4637377EC373AF14715F618A359EE1E7D4C665F0339183151DF3D86FA940B75BE91155D3E5A9029A6E843AA28F9941C625D87A04EC4430566CEB6EAC130736D5F31C3AC27B0B769DBDA4CDAEDCCD9C4BA71DAA8E869960788D5D84692D03795D355D6735FB7D18D153DB1CFF9B0E4FD39A3556438149B5983D94401A60A9C26EEB6AF6C06DFC7137EE0C52D55A377308B21D2357AFE056288748D86AD1C783B3144BA4677B3A19D80925E0D5D57B4EDB826C70DADBAA171A0609D4D9DE525A9B0B1A55DF77573D73F438E6EF78DB0328A6BAB69BAA9C0C2E26EFBCABEFB7693A8A66F1FB780700BE4C17935B6812CA252612BC8BBBED5ED60CEABAFBE536C4E63F6C12B2FD778A7623FBE4ABD57B1951A1823220E58EAB375EA50AFC13360289916E99CEC6C5A47FA942F4BFA58C065C713BF0971972799AB21EE70363A7D7127EFDA8CB8CBC69B5A01E38747D7686C722FFC9573E549CB8E6CA8C886549AC21A9C48E433D4E7C5A2CECD70E3372E36E69B665CCC2AB0BCD0E5A84C141F7990ADA6F321D08C48A5B793B219D58AF3B48295B21458ACBEC127C2E3D1A1C478092471825B6258BD194913FD2ACD48FE852AD984D854153CF5B88C156C13CC3B6909FE8D3356A4D922A83416C99260528A6429619AB9824D1F819AF47BF1DC9F9D354C1DB17C0D6345E604363859FEDD1DB94EE26C9A35985A9EF3109F2AE8EBF6FD0FA7A7DFF77B43D7B1429464244D8CF189CD04AC9429E3EC23CC9401D69B01DB5D3FDF068412866B57906D03EE01ECBB2A4C3871FE13E0F82A236F5126E8F301DBF15CC0512859EDCE73FEBE030ECCD2EC3C38F0689DED5C176A7B17FD07CB0DF97CBEC26B0E02E63D5B81FD6405BFD9582FBF25212539974B0051777403F092CB92897925C2140182D23572E08235E7C2AAD132E473A9AB27DE1ABC5CF4FF2701F4A937F9EF3B06D677BDE42EF6A977DAFBA7EEB4A8E347BE42253EA08E1E2D58E4A953B84D8A52C91FC256C9D24B2070F74EA40DE1C00826FE72EE2190CA985443F67703800E8CF4820F70BF2BBAD38FA9D5773CFD845A1D0EFD705A1D0EFD5C5A5792716FA3EF46348ADF16DFD71E31261B3B50AFDE224FF28F85EF8B1F8DDD180CDF64C857871A9C9D83794F4C2DF9C2D991B12BC0C16F87D58FE9F4E11001703C7D00E483617528DC1B617550ECBB6039F155509D3E10569F16FF24584374B0C0EA181D8EB61013624DFCBC7710628D7E0F342096B247C1F777CB963DAC1D041FA01739034423DEE4DE1F0B481EC5D43840FEB6C5B715BF3A95730C1EA3869C4F61D4D25BB3F9D73C6EB466A14C453E356E375B58010935C9B0B7EF450694DBC6596CDF6F8BEA2F03C2D8E723CF37CFA34CD0373DA97E6F6ABD5C03EF317ABAE89F7DF8DE14B9F9EC9A47521F9E78E3F37756BF9E1667E934B0DE896D044C9AB4D300A43C1DA13630756590CF45F556375A9ABAD30061D2AC4D3555FD2473534D1838D392896B4C9270C900209C74C900AC24F952B77BA979494B2409A82E6BA99C9E084CB8B15C9791B54ACF6C7432CF7AC0F2B405754CB87CEACE1A2FDBC2449DF5FCB5C4A939ABAF589C8853084F8DA279FECDBABCC1E7DCAC873A26D9A60949966735AB739FC9A0D4B95B75A23C0BB31BBDD563DD9CFE6CC27E472553AABEFD8D3F085329946A6D8A1CD0C1BFE9286F286186A5E3863A50EF084AD5AA70041A51D74CA8450761B81367E97DAB9B2749095C9DA2FB73B3A4F2015767F3E305B52321B71F2F0B5D29E2EA1122DCE7EADEAA6462BE88575D46119FC23361FBC83E87B757A6D7FCBB78068025DFC7DB371B56FAA13C23F7262CB1AA1A156AFBF899BF2FED8F0521FDD85E8D7920107526917DABAFC6241008031A26F106443A8C14846EC3D8EA1E1C1F7F5704AD0306FE9EA425D39D1B395BD7B1E3112FFA671C420810D87F86029397D2A07EC7818A4F11008D858EE58E7C0F5A221D3EB03EBE6078B6B3B55C6AE24C2BC5A309E212C3636B2EC116789094DCF254062B8875C7809963B26CF954E8B93AE14511F204D592839E24182AD877B28B3FA7DB35D5E5F9045A207A1608755714DD4B109E6A4571005DC3B202BBB6B987C2CE7A431B65061859A16DF11F1749922AC86683A3B8C889E485CDF0901C4FCD305341064D312F15268C6A85A970428566B9EAF4E4A448C6E4691D488844E9DBE00F49F68ABD661018EA7627FE76074140ECA546D22F2F543F6D92C83A12082A6884FEF2CF8A9827BD242B293F4E51E2BC56089EC5AE30A12C52D2E30624D5F2422D39907543996914E019E284826499C639815AA3CA78E5290BDBE58B2E0F0A2D663BD463428B1BF7E39480A17D77902439A0BBABC06798E56EE5DF09FCF70DE8AC728E49C62321A10205AE3B0C66E1F1A9354E5BBC2188BBD1BCA3964806253A1FD8E55499B69DDE4B13FAB6A721B649E8363544656277AE2166135013F89200964685BE16B31DB0F037C09F2DF00B34C3ABF18A20FAA5513E49C62321A18237C31F3C3EF78D3790255B893944211B8D7287E29BC901F347DDC795D618449C1F9110F8693D25EFB3322D3D5291E8A6140CE957FB3AA475C1C7B15B2179EA4BAC2615C43EDF8DCA856C4812182E7B33B241FAA9E07D920E19ABE4EED95246D07A812A11121A1C604850683D2DB548F9E26F14B7CA035DDA25DB6788BD9607FB6194BC415F96563B47C4A10E8D9E23F853F304305CF666CE11E957BAF7E91CC958A53D339606F10FD098A543F4CEED592BD8D7F1141F3024711D8D4A0A3C26092D2F7C33B2428C5BADB1DAE497C61F35B4E87E608F1B5AB4EEF48103D3BB3D2B4417846FD116A145FBAECD1190F7D48E0641504DA3C74275117318C7414D51D4166FB4271694087E78E24099CE5D8B82E4250B7D734F46A2EA4F4ADD90B9E61391791A67713FDDED67C117790833A2CF486F54D08A137D9B7CC123A163BEC842B15AE00B147F853FF088850FF331468E47D2EF6FB2AEF5FD5E1ED0C5BBB6A34F3A5EF4D7F77E4C5B1415361CAD6E87D793D5CF0221410FC2E80EDC404CBD68304881BBCBF1D56436FC7C3D2E1D119F5CDC58B84634CA687E3B5B2DCA1784B613071B158B002FE60A93CEEDFC3C645C25843E5ECE6F17A3F211909F3A071D158B205F4F663F9542CD5D5B39C8799508FA743CBBBD9BACC6D3D221707E7C7E88BC4A34C45F6EC7CBD5643E2B1D81C8BDCE8F41568A46F93A1F0D3FDF5E0F1558878849E38621EA44A3FC389FCC12F53DF532281B0AF99C71A3A062D100A8A66C6B613B22BFB770957073E1DA92119032C24147C522C8A8A60CF108673CD251B908AE1A9AF1130A071AD78880E3CA12F0D8DECA81C73522F0B8B2047C7E5FE7E0E755A201F2DA32E99F9CFFBCD04F8A65B29E834A7FF1581E5BDC231A92DBAAF0E3D1BC6B055E84840BE83EEC9E66BE6FCDA94FF46234179AC6D2962C54FC4D6A4E4F23E62B427BCBCB94448F0A96AA12675A64D920D74DD71420803DA093EE7961EDE5CBE21C05EB570A89348E004E5B4CFA13A5B5514047F209165E10EA47DB3398632A99A9EC08A27A924A52D20B15D45E9A2C664DB048A5F0366AD2AC0E964C3C2F2C582E1DCEA6D0BBCED24BF95A2580CB385B6B21AFC2F235038F0468A913BA641C5DA45E997415EA8D15D1844E1209064439106A1D698D2EA5488C15C4A31812634D2DAD62608500072642348C33B716C22BA04F33CE4080B63A910AC6D145DED592AEC2BB58558557C3E55EAA0E5775DB378E2AC59B45656461CB960C1392C712D12310C9FB5959274BABE4662DC0407D776DE3FCC0D80D92DE32A34075C4114EC7056891B92657BFFE74B0D452E552C109F7C0A85CC97B548099FA5EA8C611C7D8BD92DE32A35675C415E968C5FE9686D4B4669759D16B50800C13FE87C67984355E26DDA586C91AE893DD4A0ABCEC6ADE4C5A5B5A81DA50EC53664473687A999A7E510224D4F1AC32CEF04A7C54154D059C20772132C2054D2D8B7085915DA4048E32FA179CF668849E98250412B943705E21A4EEE637CC6E599658ECA580EBCE07E8E5272D887F467E603D82A9BF066E98949E0F1631E7381B945FF6FC1284CE630EE23C86E9019BF28AC06D26DE839F39673033CA9AB09F740291B5B6226B1844CE83654771B50DC230167EFDDE57CBDDC14BCEE61EAC27DE7C176D7751BC64B0B97729B6864E1E45E39F0FB8399FCF93B4C8A18925C4D374E01705E61EFC38E41ACFFB4A90BD5702027A8F7C017139A225FC0C17787CC5906649566A154029FAB0D3CB0A6CB6F093DEE1DC5B5ACFA0CADC620EBF068F96FD1A973F3B494A6A19907242D0683FBF74ACC7C0DA84298CBC7FFC33E6E1F5E6E54FFF0F07813225D76A0100, N'6.1.3-40302')


/* COUNTRY */
INSERT INTO [dbo].[COUNTRY] ([Id], [Name], [Path], [CreatedDate], [UpdatedDate]) VALUES (N'6f82e7ba-215f-4941-9b4c-04a348b5e565', N'Kyrgyzstán', N'/Content/images/flags/kyrgyzstan.jpg', CURRENT_TIMESTAMP, CURRENT_TIMESTAMP)
INSERT INTO [dbo].[COUNTRY] ([Id], [Name], [Path], [CreatedDate], [UpdatedDate]) VALUES (N'602e29a2-419b-4839-b907-04bba294e76b', N'Argentina', N'/Content/images/flags/argentina.jpg', CURRENT_TIMESTAMP, CURRENT_TIMESTAMP)
INSERT INTO [dbo].[COUNTRY] ([Id], [Name], [Path], [CreatedDate], [UpdatedDate]) VALUES (N'c7bcc0b6-e811-4b4c-adde-08b6dcad1986', N'Lotyšsko', N'/Content/images/flags/lithuania.jpg', CURRENT_TIMESTAMP, CURRENT_TIMESTAMP)
INSERT INTO [dbo].[COUNTRY] ([Id], [Name], [Path], [CreatedDate], [UpdatedDate]) VALUES (N'de56d6a6-154b-4116-9762-1a40ab697fdb', N'Malta', N'/Content/images/flags/malta.jpg', CURRENT_TIMESTAMP, CURRENT_TIMESTAMP)
INSERT INTO [dbo].[COUNTRY] ([Id], [Name], [Path], [CreatedDate], [UpdatedDate]) VALUES (N'7e3a5eb8-56f4-4f40-9fc0-1c7e5a844688', N'Bulharsko', N'/Content/images/flags/bulgaria.jpg', CURRENT_TIMESTAMP, CURRENT_TIMESTAMP)
INSERT INTO [dbo].[COUNTRY] ([Id], [Name], [Path], [CreatedDate], [UpdatedDate]) VALUES (N'd3258a34-4975-46c8-91de-2ebe62df6c52', N'Lichtenštejnsko', N'/Content/images/flags/lichtenstein.jpg', CURRENT_TIMESTAMP, CURRENT_TIMESTAMP)
INSERT INTO [dbo].[COUNTRY] ([Id], [Name], [Path], [CreatedDate], [UpdatedDate]) VALUES (N'3caf8fda-cce3-4de2-b73f-3197dfe2c53d', N'Německo', N'/Content/images/flags/germany.jpg', CURRENT_TIMESTAMP, CURRENT_TIMESTAMP)
INSERT INTO [dbo].[COUNTRY] ([Id], [Name], [Path], [CreatedDate], [UpdatedDate]) VALUES (N'e4b923da-ccca-4766-bd8d-3b0fb0585d72', N'Rusko', N'/Content/images/flags/russia.jpg', CURRENT_TIMESTAMP, CURRENT_TIMESTAMP)
INSERT INTO [dbo].[COUNTRY] ([Id], [Name], [Path], [CreatedDate], [UpdatedDate]) VALUES (N'de821109-29bc-436a-bfdf-45c1f88260ef', N'Maďarsko', N'/Content/images/flags/hungary.jpg', CURRENT_TIMESTAMP, CURRENT_TIMESTAMP)
INSERT INTO [dbo].[COUNTRY] ([Id], [Name], [Path], [CreatedDate], [UpdatedDate]) VALUES (N'b0970056-0507-45c6-92fb-510d4ec3b723', N'San Marino', N'/Content/images/flags/sanmarino.jpg', CURRENT_TIMESTAMP, CURRENT_TIMESTAMP)
INSERT INTO [dbo].[COUNTRY] ([Id], [Name], [Path], [CreatedDate], [UpdatedDate]) VALUES (N'7439b126-a1c2-4b72-ab81-5199efdd7835', N'Rakousko', N'/Content/images/flags/austria.jpg', CURRENT_TIMESTAMP, CURRENT_TIMESTAMP)
INSERT INTO [dbo].[COUNTRY] ([Id], [Name], [Path], [CreatedDate], [UpdatedDate]) VALUES (N'ff86cefd-f537-4581-93c0-60c54f434533', N'Srbsko', N'/Content/images/flags/serbia.jpg', CURRENT_TIMESTAMP, CURRENT_TIMESTAMP)
INSERT INTO [dbo].[COUNTRY] ([Id], [Name], [Path], [CreatedDate], [UpdatedDate]) VALUES (N'00d09974-4061-4084-9e5c-65d666890eda', N'Andora', N'/Content/images/flags/andorra.jpg', CURRENT_TIMESTAMP, CURRENT_TIMESTAMP)
INSERT INTO [dbo].[COUNTRY] ([Id], [Name], [Path], [CreatedDate], [UpdatedDate]) VALUES (N'e0bde086-9dda-414c-8bea-7649013e6488', N'Slovinsko', N'/Content/images/flags/slovenia.jpg', CURRENT_TIMESTAMP, CURRENT_TIMESTAMP)
INSERT INTO [dbo].[COUNTRY] ([Id], [Name], [Path], [CreatedDate], [UpdatedDate]) VALUES (N'ca758cdb-be74-492a-b821-7b1b7dfbb5a2', N'Norsko', N'/Content/images/flags/norway.jpg', CURRENT_TIMESTAMP, CURRENT_TIMESTAMP)
INSERT INTO [dbo].[COUNTRY] ([Id], [Name], [Path], [CreatedDate], [UpdatedDate]) VALUES (N'a72a85b7-0801-4c79-97c2-7cc96c254bf7', N'Nizozemí', N'/Content/images/flags/netherlands.jpg', CURRENT_TIMESTAMP, CURRENT_TIMESTAMP)
INSERT INTO [dbo].[COUNTRY] ([Id], [Name], [Path], [CreatedDate], [UpdatedDate]) VALUES (N'd3371d82-36c2-4b6c-a0e5-7d6decd259fa', N'Velká Británie', N'/Content/images/flags/gb.jpg', CURRENT_TIMESTAMP, CURRENT_TIMESTAMP)
INSERT INTO [dbo].[COUNTRY] ([Id], [Name], [Path], [CreatedDate], [UpdatedDate]) VALUES (N'14024a38-1e56-481f-ad5e-7ec7e35d4dfd', N'Lucembursko', N'/Content/images/flags/luxembourg.jpg', CURRENT_TIMESTAMP, CURRENT_TIMESTAMP)
INSERT INTO [dbo].[COUNTRY] ([Id], [Name], [Path], [CreatedDate], [UpdatedDate]) VALUES (N'446e64f9-7743-4528-ad09-832d0731e79f', N'Švédsko', N'/Content/images/flags/sweden.jpg', CURRENT_TIMESTAMP, CURRENT_TIMESTAMP)
INSERT INTO [dbo].[COUNTRY] ([Id], [Name], [Path], [CreatedDate], [UpdatedDate]) VALUES (N'0b51bbaf-ef8e-4ae1-8c73-860751bddaaa', N'Japonsko', N'/Content/images/flags/japan.jpg', CURRENT_TIMESTAMP, CURRENT_TIMESTAMP)
INSERT INTO [dbo].[COUNTRY] ([Id], [Name], [Path], [CreatedDate], [UpdatedDate]) VALUES (N'df03a970-ba3c-48d1-a900-8935f88d0d16', N'Estonsko', N'/Content/images/flags/estonia.jpg', CURRENT_TIMESTAMP, CURRENT_TIMESTAMP)
INSERT INTO [dbo].[COUNTRY] ([Id], [Name], [Path], [CreatedDate], [UpdatedDate]) VALUES (N'77f68949-6edf-437d-926c-8ee0fbdcb669', N'Egypt', N'/Content/images/flags/egypt.jpg', CURRENT_TIMESTAMP, CURRENT_TIMESTAMP)
INSERT INTO [dbo].[COUNTRY] ([Id], [Name], [Path], [CreatedDate], [UpdatedDate]) VALUES (N'10a7b4a0-1b77-45a8-923a-915e559fe62a', N'Bělorusko', N'/Content/images/flags/belarus.jpg', CURRENT_TIMESTAMP, CURRENT_TIMESTAMP)
INSERT INTO [dbo].[COUNTRY] ([Id], [Name], [Path], [CreatedDate], [UpdatedDate]) VALUES (N'e6f655b4-8d88-486b-abeb-91b57cd0eee5', N'Turecko', N'/Content/images/flags/turkey.jpg', CURRENT_TIMESTAMP, CURRENT_TIMESTAMP)
INSERT INTO [dbo].[COUNTRY] ([Id], [Name], [Path], [CreatedDate], [UpdatedDate]) VALUES (N'c22de903-3964-41dc-9778-97499e46f07c', N'Švýcarsko', N'/Content/images/flags/switzerland.jpg', CURRENT_TIMESTAMP, CURRENT_TIMESTAMP)
INSERT INTO [dbo].[COUNTRY] ([Id], [Name], [Path], [CreatedDate], [UpdatedDate]) VALUES (N'56c6f73f-17d3-41c6-b0af-9b2252239866', N'Chorvatsko', N'/Content/images/flags/croatia.jpg', CURRENT_TIMESTAMP, CURRENT_TIMESTAMP)
INSERT INTO [dbo].[COUNTRY] ([Id], [Name], [Path], [CreatedDate], [UpdatedDate]) VALUES (N'2cde72c6-bae9-45d4-a7e1-9dabd7922ca6', N'Portugalsko', N'/Content/images/flags/portugal.jpg', CURRENT_TIMESTAMP, CURRENT_TIMESTAMP)
INSERT INTO [dbo].[COUNTRY] ([Id], [Name], [Path], [CreatedDate], [UpdatedDate]) VALUES (N'f5d811f1-1949-4f64-904d-9ef7d2b68596', N'Francie', N'/Content/images/flags/france.jpg', CURRENT_TIMESTAMP, CURRENT_TIMESTAMP)
INSERT INTO [dbo].[COUNTRY] ([Id], [Name], [Path], [CreatedDate], [UpdatedDate]) VALUES (N'd7dcf43d-69d8-4654-b945-a0df4b633afc', N'Litva', N'/Content/images/flags/latvia.jpg', CURRENT_TIMESTAMP, CURRENT_TIMESTAMP)
INSERT INTO [dbo].[COUNTRY] ([Id], [Name], [Path], [CreatedDate], [UpdatedDate]) VALUES (N'9f72d5f2-75ee-4d27-9605-a806f96bd54d', N'Řecko', N'/Content/images/flags/greece.jpg', CURRENT_TIMESTAMP, CURRENT_TIMESTAMP)
INSERT INTO [dbo].[COUNTRY] ([Id], [Name], [Path], [CreatedDate], [UpdatedDate]) VALUES (N'05c1f542-6337-4783-98f4-ad3c01ad8668', N'USA', N'/Content/images/flags/usa.jpg', CURRENT_TIMESTAMP, CURRENT_TIMESTAMP)
INSERT INTO [dbo].[COUNTRY] ([Id], [Name], [Path], [CreatedDate], [UpdatedDate]) VALUES (N'ae019609-99e0-4ef5-85bb-ad90dc302e70', N'Albánie', N'/Content/images/flags/albania.jpg', CURRENT_TIMESTAMP, CURRENT_TIMESTAMP)
INSERT INTO [dbo].[COUNTRY] ([Id], [Name], [Path], [CreatedDate], [UpdatedDate]) VALUES (N'3fa0fc96-1c01-4b6c-8b9b-ae4e9d927a41', N'Dánsko', N'/Content/images/flags/denmark.jpg', CURRENT_TIMESTAMP, CURRENT_TIMESTAMP)
INSERT INTO [dbo].[COUNTRY] ([Id], [Name], [Path], [CreatedDate], [UpdatedDate]) VALUES (N'8f204c4d-a622-418d-9dc4-b7a83c31b69b', N'Finsko', N'/Content/images/flags/finland.jpg', CURRENT_TIMESTAMP, CURRENT_TIMESTAMP)
INSERT INTO [dbo].[COUNTRY] ([Id], [Name], [Path], [CreatedDate], [UpdatedDate]) VALUES (N'e03e4291-0dae-4ce6-87a5-c95703fc0105', N'Španělsko', N'/Content/images/flags/spain.jpg', CURRENT_TIMESTAMP, CURRENT_TIMESTAMP)
INSERT INTO [dbo].[COUNTRY] ([Id], [Name], [Path], [CreatedDate], [UpdatedDate]) VALUES (N'a44cb139-96da-4509-a38a-cc1c67df8062', N'Polsko', N'/Content/images/flags/poland.jpg', CURRENT_TIMESTAMP, CURRENT_TIMESTAMP)
INSERT INTO [dbo].[COUNTRY] ([Id], [Name], [Path], [CreatedDate], [UpdatedDate]) VALUES (N'cedb61bc-9489-49c4-a48d-d88734d057b1', N'Arménie', N'/Content/images/flags/armenia.jpg', CURRENT_TIMESTAMP, CURRENT_TIMESTAMP)
INSERT INTO [dbo].[COUNTRY] ([Id], [Name], [Path], [CreatedDate], [UpdatedDate]) VALUES (N'f3d05d32-f496-432e-ba2f-d8b95a2a343c', N'Austrálie', N'/Content/images/flags/australia.jpg', CURRENT_TIMESTAMP, CURRENT_TIMESTAMP)
INSERT INTO [dbo].[COUNTRY] ([Id], [Name], [Path], [CreatedDate], [UpdatedDate]) VALUES (N'be77d63c-b3db-41e3-a234-ddaedf06bf87', N'Kanada', N'/Content/images/flags/canada.jpg', CURRENT_TIMESTAMP, CURRENT_TIMESTAMP)
INSERT INTO [dbo].[COUNTRY] ([Id], [Name], [Path], [CreatedDate], [UpdatedDate]) VALUES (N'8698e3b5-bb52-42a7-9274-df58745eba50', N'Čína', N'/Content/images/flags/china.jpg', CURRENT_TIMESTAMP, CURRENT_TIMESTAMP)
INSERT INTO [dbo].[COUNTRY] ([Id], [Name], [Path], [CreatedDate], [UpdatedDate]) VALUES (N'69ee91d6-871d-494f-abbe-ea5133d82eff', N'Itálie', N'/Content/images/flags/italy.jpg', CURRENT_TIMESTAMP, CURRENT_TIMESTAMP)
INSERT INTO [dbo].[COUNTRY] ([Id], [Name], [Path], [CreatedDate], [UpdatedDate]) VALUES (N'46d55baa-c6f3-4605-be83-edc54c32d5c4', N'Ukrajina', N'/Content/images/flags/ukraine.jpg', CURRENT_TIMESTAMP, CURRENT_TIMESTAMP)
INSERT INTO [dbo].[COUNTRY] ([Id], [Name], [Path], [CreatedDate], [UpdatedDate]) VALUES (N'6f937d0b-0400-4555-91e4-f0dd15fe3aee', N'Irsko', N'/Content/images/flags/ireland.jpg', CURRENT_TIMESTAMP, CURRENT_TIMESTAMP)
INSERT INTO [dbo].[COUNTRY] ([Id], [Name], [Path], [CreatedDate], [UpdatedDate]) VALUES (N'bd6172c6-3338-4d89-bbc6-f5e0ea517d30', N'Česká republika', N'/Content/images/flags/czech.jpg', CURRENT_TIMESTAMP, CURRENT_TIMESTAMP)
INSERT INTO [dbo].[COUNTRY] ([Id], [Name], [Path], [CreatedDate], [UpdatedDate]) VALUES (N'885ce4ce-f93f-41b1-acfb-f76dfb9149f0', N'Belgie', N'/Content/images/flags/belgium.jpg', CURRENT_TIMESTAMP, CURRENT_TIMESTAMP)
INSERT INTO [dbo].[COUNTRY] ([Id], [Name], [Path], [CreatedDate], [UpdatedDate]) VALUES (N'072faa93-a9eb-452a-95fe-fcbdef86e5c8', N'Jordánsko', N'/Content/images/flags/jordan.jpg', CURRENT_TIMESTAMP, CURRENT_TIMESTAMP)
INSERT INTO [dbo].[COUNTRY] ([Id], [Name], [Path], [CreatedDate], [UpdatedDate]) VALUES (N'187035dc-268a-4516-9bbb-fd3eb357a994', N'Kuba', N'/Content/images/flags/cuba.jpg', CURRENT_TIMESTAMP, CURRENT_TIMESTAMP)
INSERT INTO [dbo].[COUNTRY] ([Id], [Name], [Path], [CreatedDate], [UpdatedDate]) VALUES (N'90a2d75e-02fd-4b43-bbab-ff83dad99869', N'Island', N'/Content/images/flags/iceland.jpg', CURRENT_TIMESTAMP, CURRENT_TIMESTAMP)
INSERT INTO [dbo].[COUNTRY] ([Id], [Name], [Path], [CreatedDate], [UpdatedDate]) VALUES (N'f5de4df3-2be6-4323-99de-ff97048c3dcf', N'Slovensko', N'/Content/images/flags/slovakia.jpg', CURRENT_TIMESTAMP, CURRENT_TIMESTAMP)


/* ROLE */
INSERT INTO [dbo].[ROLE] ([Id], [Name], [DojoCreation], [UserCreation], [RoleCreation], [MenuCreation], [CreateUpdateDeleteAll], [CreatedDate], [UpdatedDate]) VALUES(N'90cfe19d-7bdc-49d1-bf6c-a5358506d99e', N'SuperAdmin', 1, 1, 1, 1, 1, CURRENT_TIMESTAMP, CURRENT_TIMESTAMP)


/* DOJO */
INSERT INTO [dbo].[USER_DEFINABLE] ([Id], [Public], [CreatedDate], [UpdatedDate]) VALUES(N'698cf350-8882-43c9-97e4-4da63b6262b9', 1, CURRENT_TIMESTAMP, CURRENT_TIMESTAMP)
INSERT INTO [dbo].[DOJO] ([Id], [Name], [Description], [BuiltIn], [OrganizationType], [CivicAssociationRegistration], [Ic], [Email], [Facebook]) VALUES (N'698cf350-8882-43c9-97e4-4da63b6262b9', N'Bujinkan Czech Dojo', NULL, 1, 1, N'L 8273 vedená u Městského soudu v Praze', N'72086874', N'office@bujinkan.cz', N'https://www.facebook.com/BujinkanCzechDojo')


/* USER */
INSERT INTO [dbo].[USER_DEFINABLE] ([Id], [Public], [CreatedDate], [UpdatedDate]) VALUES(N'1783fb6f-8b1c-4250-9500-ebfe43630e38', 1, CURRENT_TIMESTAMP, CURRENT_TIMESTAMP)
INSERT INTO [dbo].[USER] ([Id], [BujinkanTitle], [FirstName], [Surname], [RoleId], [Email], [Description], [Password], [CountryId], [Order], [DojoId]) VALUES (N'1783fb6f-8b1c-4250-9500-ebfe43630e38', 1, N'Jaromír', N'Krpec', N'90cfe19d-7bdc-49d1-bf6c-a5358506d99e', N'krpec.jaromir@seznam.cz', NULL, N'1000:kuRr/u5EQZuW7efGctOXAH4XHgRVw+bM:bdtUlqOfAdedpjBBvgCWH2392dAjd/aA', N'bd6172c6-3338-4d89-bbc6-f5e0ea517d30', 1, N'698cf350-8882-43c9-97e4-4da63b6262b9')


/* BLOG CATEGORY */
INSERT INTO [dbo].[USER_DEFINABLE] ([Id], [Public], [CreatedDate], [UpdatedDate]) VALUES(N'f0b1e165-5cbd-4ba0-9d4c-0e65c6598928', 1, CURRENT_TIMESTAMP, CURRENT_TIMESTAMP)
INSERT INTO [dbo].[CATEGORY] ([Id], [Name], [BuiltIn], [Dicriminator]) VALUES(N'f0b1e165-5cbd-4ba0-9d4c-0e65c6598928', N'Samostatný článek', 1, N'BLOG')
INSERT INTO [dbo].[USER_DEFINABLE] ([Id], [Public], [CreatedDate], [UpdatedDate]) VALUES(N'3934e7af-25fc-4b2c-9e22-4f9a8ac472d5', 1, CURRENT_TIMESTAMP, CURRENT_TIMESTAMP)
INSERT INTO [dbo].[CATEGORY] ([Id], [Name], [BuiltIn], [Dicriminator]) VALUES(N'3934e7af-25fc-4b2c-9e22-4f9a8ac472d5', N'Příběhy studentů', 1, N'BLOG')
INSERT INTO [dbo].[USER_DEFINABLE] ([Id], [Public], [CreatedDate], [UpdatedDate]) VALUES(N'c4b10004-89fd-4f1e-9e09-ecb594b79e0f', 1, CURRENT_TIMESTAMP, CURRENT_TIMESTAMP)
INSERT INTO [dbo].[CATEGORY] ([Id], [Name], [BuiltIn], [Dicriminator]) VALUES(N'c4b10004-89fd-4f1e-9e09-ecb594b79e0f', N'Ohlasy dětí', 1, N'BLOG')


/* BLOG */
INSERT INTO [dbo].[USER_DEFINABLE] ([Id], [UserCreatorId], [Public], [CreatedDate], [UpdatedDate]) VALUES(N'41ad32ed-a857-43a1-b181-f65ad07f80fc', N'1783fb6f-8b1c-4250-9500-ebfe43630e38', 1, CURRENT_TIMESTAMP, CURRENT_TIMESTAMP)
INSERT INTO [dbo].[BLOG] ([Id], [Name], [Description], [BuiltIn], [CategoryId]) VALUES(N'41ad32ed-a857-43a1-b181-f65ad07f80fc', N'Je Bujinkan pro Vás', N'-', 1, N'f0b1e165-5cbd-4ba0-9d4c-0e65c6598928')


INSERT INTO [dbo].[USER_DEFINABLE] ([Id], [UserCreatorId], [Public], [CreatedDate], [UpdatedDate]) VALUES(N'c18f2a11-f593-44b5-9cd2-8dfc4eefa74b', N'1783fb6f-8b1c-4250-9500-ebfe43630e38', 1, CURRENT_TIMESTAMP, CURRENT_TIMESTAMP)
INSERT INTO [dbo].[BLOG] ([Id], [Name], [Description], [BuiltIn], [CategoryId]) VALUES(N'c18f2a11-f593-44b5-9cd2-8dfc4eefa74b', N'Historie a vývoj Bujinkanu', N'-', 1, N'f0b1e165-5cbd-4ba0-9d4c-0e65c6598928')


INSERT INTO [dbo].[USER_DEFINABLE] ([Id], [UserCreatorId], [Public], [CreatedDate], [UpdatedDate]) VALUES(N'5ef11f5f-c5f3-4eef-a993-60bc8674961c', N'1783fb6f-8b1c-4250-9500-ebfe43630e38', 1, CURRENT_TIMESTAMP, CURRENT_TIMESTAMP)
INSERT INTO [dbo].[BLOG] ([Id], [Name], [Description], [BuiltIn], [CategoryId]) VALUES(N'5ef11f5f-c5f3-4eef-a993-60bc8674961c', N'Soké Masaaki Hatsumi', N'-', 1, N'f0b1e165-5cbd-4ba0-9d4c-0e65c6598928')


INSERT INTO [dbo].[USER_DEFINABLE] ([Id], [UserCreatorId], [Public], [CreatedDate], [UpdatedDate]) VALUES(N'663f5037-f984-4af5-a9d0-74af5a73ba04', N'1783fb6f-8b1c-4250-9500-ebfe43630e38', 1, CURRENT_TIMESTAMP, CURRENT_TIMESTAMP)
INSERT INTO [dbo].[BLOG] ([Id], [Name], [Description], [BuiltIn], [CategoryId]) VALUES(N'663f5037-f984-4af5-a9d0-74af5a73ba04', N'Než půjdu na trénink', N'-', 1, N'f0b1e165-5cbd-4ba0-9d4c-0e65c6598928')


INSERT INTO [dbo].[USER_DEFINABLE] ([Id], [UserCreatorId], [Public], [CreatedDate], [UpdatedDate]) VALUES(N'd5c0fa84-dcb5-44f2-a2f9-4d4ffdd69db7', N'1783fb6f-8b1c-4250-9500-ebfe43630e38', 1, CURRENT_TIMESTAMP, CURRENT_TIMESTAMP)
INSERT INTO [dbo].[BLOG] ([Id], [Name], [Description], [BuiltIn], [CategoryId]) VALUES(N'd5c0fa84-dcb5-44f2-a2f9-4d4ffdd69db7', N'Náplň tréninku', N'-', 1, N'f0b1e165-5cbd-4ba0-9d4c-0e65c6598928')

INSERT INTO [dbo].[USER_DEFINABLE] ([Id], [UserCreatorId], [Public], [CreatedDate], [UpdatedDate]) VALUES(N'6d47e299-03a9-4013-b6c1-32c7c6bfa215', N'1783fb6f-8b1c-4250-9500-ebfe43630e38', 1, CURRENT_TIMESTAMP, CURRENT_TIMESTAMP)
INSERT INTO [dbo].[BLOG] ([Id], [Name], [Description], [BuiltIn], [CategoryId]) VALUES(N'6d47e299-03a9-4013-b6c1-32c7c6bfa215', N'Uplatnění v oborech', N'-', 1, N'f0b1e165-5cbd-4ba0-9d4c-0e65c6598928')

INSERT INTO [dbo].[USER_DEFINABLE] ([Id], [UserCreatorId], [Public], [CreatedDate], [UpdatedDate]) VALUES(N'2d06106c-a6ff-4221-8d62-fb2698080682', N'1783fb6f-8b1c-4250-9500-ebfe43630e38', 1, CURRENT_TIMESTAMP, CURRENT_TIMESTAMP)
INSERT INTO [dbo].[BLOG] ([Id], [Name], [Description], [BuiltIn], [CategoryId]) VALUES(N'2d06106c-a6ff-4221-8d62-fb2698080682', N'Pravidla', N'-', 1, N'f0b1e165-5cbd-4ba0-9d4c-0e65c6598928')


INSERT INTO [dbo].[USER_DEFINABLE] ([Id], [UserCreatorId], [Public], [CreatedDate], [UpdatedDate]) VALUES(N'b8c2df14-316d-4bbc-b13b-6e2b4dd9b42e', N'1783fb6f-8b1c-4250-9500-ebfe43630e38', 1, CURRENT_TIMESTAMP, CURRENT_TIMESTAMP)
INSERT INTO [dbo].[BLOG] ([Id], [Name], [Description], [BuiltIn], [CategoryId]) VALUES(N'b8c2df14-316d-4bbc-b13b-6e2b4dd9b42e', N'Informace pro rodiče', N'-', 1, N'f0b1e165-5cbd-4ba0-9d4c-0e65c6598928')

INSERT INTO [dbo].[USER_DEFINABLE] ([Id], [UserCreatorId], [Public], [CreatedDate], [UpdatedDate]) VALUES(N'025ad244-0c02-477d-b40d-18d1e92025e5', N'1783fb6f-8b1c-4250-9500-ebfe43630e38', 1, CURRENT_TIMESTAMP, CURRENT_TIMESTAMP)
INSERT INTO [dbo].[BLOG] ([Id], [Name], [Description], [BuiltIn], [CategoryId]) VALUES(N'025ad244-0c02-477d-b40d-18d1e92025e5', N'Co bude dítě potřebovat', N'-', 1, N'f0b1e165-5cbd-4ba0-9d4c-0e65c6598928')


INSERT INTO [dbo].[USER_DEFINABLE] ([Id], [UserCreatorId], [Public], [CreatedDate], [UpdatedDate]) VALUES(N'da965e9e-a8e4-46e7-b3f9-9bb44de7fbd1', N'1783fb6f-8b1c-4250-9500-ebfe43630e38', 1, CURRENT_TIMESTAMP, CURRENT_TIMESTAMP)
INSERT INTO [dbo].[BLOG] ([Id], [Name], [Description], [BuiltIn], [CategoryId]) VALUES(N'da965e9e-a8e4-46e7-b3f9-9bb44de7fbd1', N'Sponzorství', N'-', 1, N'f0b1e165-5cbd-4ba0-9d4c-0e65c6598928')

INSERT INTO [dbo].[USER_DEFINABLE] ([Id], [UserCreatorId], [Public], [CreatedDate], [UpdatedDate]) VALUES(N'3c1f8aa4-f254-4619-9b2b-3e83ac38f16b', N'1783fb6f-8b1c-4250-9500-ebfe43630e38', 1, CURRENT_TIMESTAMP, CURRENT_TIMESTAMP)
INSERT INTO [dbo].[BLOG] ([Id], [Name], [Description], [BuiltIn], [CategoryId]) VALUES(N'3c1f8aa4-f254-4619-9b2b-3e83ac38f16b', N'Studium v Japonsku', N'-', 1, N'f0b1e165-5cbd-4ba0-9d4c-0e65c6598928')

INSERT INTO [dbo].[USER_DEFINABLE] ([Id], [UserCreatorId], [Public], [CreatedDate], [UpdatedDate]) VALUES(N'22942bfc-a8a6-4b7f-b523-aa1b48cea028', N'1783fb6f-8b1c-4250-9500-ebfe43630e38', 1, CURRENT_TIMESTAMP, CURRENT_TIMESTAMP)
INSERT INTO [dbo].[BLOG] ([Id], [Name], [Description], [BuiltIn], [CategoryId]) VALUES(N'22942bfc-a8a6-4b7f-b523-aa1b48cea028', N'Jissen', N'-', 1, N'f0b1e165-5cbd-4ba0-9d4c-0e65c6598928')

INSERT INTO [dbo].[USER_DEFINABLE] ([Id], [UserCreatorId], [Public], [CreatedDate], [UpdatedDate]) VALUES(N'8f7a9387-edaa-4236-b1e3-0fc1e5fde907}', N'1783fb6f-8b1c-4250-9500-ebfe43630e38', 1, CURRENT_TIMESTAMP, CURRENT_TIMESTAMP)
INSERT INTO [dbo].[BLOG] ([Id], [Name], [Description], [BuiltIn], [CategoryId]) VALUES(N'8f7a9387-edaa-4236-b1e3-0fc1e5fde907', N'Rentaikai', N'-', 1, N'f0b1e165-5cbd-4ba0-9d4c-0e65c6598928')


INSERT INTO [dbo].[USER_DEFINABLE] ([Id], [UserCreatorId], [Public], [CreatedDate], [UpdatedDate]) VALUES(N'deafe0e0-5747-4dc1-854a-e6279a8b16bd', N'1783fb6f-8b1c-4250-9500-ebfe43630e38', 1, CURRENT_TIMESTAMP, CURRENT_TIMESTAMP)
INSERT INTO [dbo].[BLOG] ([Id], [Name], [Description], [BuiltIn], [CategoryId]) VALUES(N'deafe0e0-5747-4dc1-854a-e6279a8b16bd', N'Umění nebo sport?', N'-', 1, N'f0b1e165-5cbd-4ba0-9d4c-0e65c6598928')

INSERT INTO [dbo].[USER_DEFINABLE] ([Id], [UserCreatorId], [Public], [CreatedDate], [UpdatedDate]) VALUES(N'c2d1525c-2a26-45c8-abe9-5c5c37104f0d', N'1783fb6f-8b1c-4250-9500-ebfe43630e38', 1, CURRENT_TIMESTAMP, CURRENT_TIMESTAMP)
INSERT INTO [dbo].[BLOG] ([Id], [Name], [Description], [BuiltIn], [CategoryId]) VALUES(N'c2d1525c-2a26-45c8-abe9-5c5c37104f0d', N'Typy bojových umění', N'-', 1, N'f0b1e165-5cbd-4ba0-9d4c-0e65c6598928')

INSERT INTO [dbo].[USER_DEFINABLE] ([Id], [UserCreatorId], [Public], [CreatedDate], [UpdatedDate]) VALUES(N'da10a6b0-f735-4e17-9928-6571c230be06', N'1783fb6f-8b1c-4250-9500-ebfe43630e38', 1, CURRENT_TIMESTAMP, CURRENT_TIMESTAMP)
INSERT INTO [dbo].[BLOG] ([Id], [Name], [Description], [BuiltIn], [CategoryId]) VALUES(N'da10a6b0-f735-4e17-9928-6571c230be06', N'Specifika bujinkanu', N'-', 1, N'f0b1e165-5cbd-4ba0-9d4c-0e65c6598928')


INSERT INTO [dbo].[USER_DEFINABLE] ([Id], [UserCreatorId], [Public], [CreatedDate], [UpdatedDate]) VALUES(N'1ec3b993-c94c-4be7-aa4a-bc0067892fb3', N'1783fb6f-8b1c-4250-9500-ebfe43630e38', 1, CURRENT_TIMESTAMP, CURRENT_TIMESTAMP)
INSERT INTO [dbo].[BLOG] ([Id], [Name], [Description], [BuiltIn], [CategoryId]) VALUES(N'1ec3b993-c94c-4be7-aa4a-bc0067892fb3', N' O Bujinkan Czech Dojo', N'-', 1, N'f0b1e165-5cbd-4ba0-9d4c-0e65c6598928')

/* MENU ITEM */


/* TODO CHECK */
INSERT INTO [dbo].[MENU_ITEM] ([Id], [Name], [Url], [BuiltIn], [Order], [EntityType], [AssociationType], [Level], [ParentMenuItemId], [UserDefinableId], [CreatedDate], [UpdatedDate]) VALUES ('aa9672f1-8e99-4114-b7b3-68a1da3968fd', N'Úvod', N'/home', 0, 1, 0, 2, 0, NULL, NULL, '20170113 08:42:43', '20170117 12:54:59')

INSERT INTO [dbo].[MENU_ITEM] ([Id], [Name], [Url], [BuiltIn], [Order], [EntityType], [AssociationType], [Level], [ParentMenuItemId], [UserDefinableId], [CreatedDate], [UpdatedDate]) VALUES ('d2ae8fb2-24c0-4103-bb50-37bc74331d78', N'Bujinkan', NULL, 0, 2, 0, 2, 0, NULL, NULL, '20170113 08:43:40', '20170124 22:45:17')

INSERT INTO [dbo].[MENU_ITEM] ([Id], [Name], [Url], [BuiltIn], [Order], [EntityType], [AssociationType], [Level], [ParentMenuItemId], [UserDefinableId], [CreatedDate], [UpdatedDate]) VALUES ('d57bb292-aa53-4096-aac4-a9cf7a44b0c3', N'Bujinkan pod lupou', NULL, 0, 1, 0, 1, 1, 'd2ae8fb2-24c0-4103-bb50-37bc74331d78', NULL, '20170113 08:43:40', '20170124 22:45:17')
INSERT INTO [dbo].[MENU_ITEM] ([Id], [Name], [Url], [BuiltIn], [Order], [EntityType], [AssociationType], [Level], [ParentMenuItemId], [UserDefinableId], [CreatedDate], [UpdatedDate]) VALUES ('066468fa-0b0f-4686-baa5-e29847d83b61', N'Je Bujinkan pro Vás', N'/blog/Details/41ad32ed-a857-43a1-b181-f65ad07f80fc', 0, 1, 2, 4, 2, 'd57bb292-aa53-4096-aac4-a9cf7a44b0c3', '41ad32ed-a857-43a1-b181-f65ad07f80fc', '20170113 08:45:18', '20170117 11:25:57')
INSERT INTO [dbo].[MENU_ITEM] ([Id], [Name], [Url], [BuiltIn], [Order], [EntityType], [AssociationType], [Level], [ParentMenuItemId], [UserDefinableId], [CreatedDate], [UpdatedDate]) VALUES ('375d4438-1a9a-4d6b-b0fd-2b80f9fd0f63', N'Historie a vývoj Bujinkanu', N'/blog/Details/c18f2a11-f593-44b5-9cd2-8dfc4eefa74b', 0, 2, 2, 4, 2, 'd57bb292-aa53-4096-aac4-a9cf7a44b0c3', 'c18f2a11-f593-44b5-9cd2-8dfc4eefa74b', '20170113 08:45:32', '20170113 08:49:16')
INSERT INTO [dbo].[MENU_ITEM] ([Id], [Name], [Url], [BuiltIn], [Order], [EntityType], [AssociationType], [Level], [ParentMenuItemId], [UserDefinableId], [CreatedDate], [UpdatedDate]) VALUES ('2501d2cf-35d2-488e-a64c-bf375b795235', N'Soké Masaaki Hatsumi', N'/blog/Details/5ef11f5f-c5f3-4eef-a993-60bc8674961c', 0, 3, 2, 4, 2, 'd57bb292-aa53-4096-aac4-a9cf7a44b0c3', '5ef11f5f-c5f3-4eef-a993-60bc8674961c', '20170113 08:45:40', '20170117 11:26:09')

INSERT INTO [dbo].[MENU_ITEM] ([Id], [Name], [Url], [BuiltIn], [Order], [EntityType], [AssociationType], [Level], [ParentMenuItemId], [UserDefinableId], [CreatedDate], [UpdatedDate]) VALUES ('d6089df4-6f82-4941-89ae-034854f47644', N'Trénink a rozvoj', NULL, 0, 2, 0, 1, 1, 'd2ae8fb2-24c0-4103-bb50-37bc74331d78', NULL, '20170113 08:43:48', '20170113 08:44:34')
INSERT INTO [dbo].[MENU_ITEM] ([Id], [Name], [Url], [BuiltIn], [Order], [EntityType], [AssociationType], [Level], [ParentMenuItemId], [UserDefinableId], [CreatedDate], [UpdatedDate]) VALUES ('232ccd3f-66bf-4ad1-9355-0216f9899d7f', N'Než půjdu na trénink', N'/blog/Details/663f5037-f984-4af5-a9d0-74af5a73ba04', 0, 1, 2, 4, 2, 'd6089df4-6f82-4941-89ae-034854f47644', '663f5037-f984-4af5-a9d0-74af5a73ba04', '20170113 08:45:50', '20170117 11:26:23')
INSERT INTO [dbo].[MENU_ITEM] ([Id], [Name], [Url], [BuiltIn], [Order], [EntityType], [AssociationType], [Level], [ParentMenuItemId], [UserDefinableId], [CreatedDate], [UpdatedDate]) VALUES ('2150b834-721b-4cba-b06a-b33d4dd254b9', N'Náplň tréninku', N'/blog/Details/d5c0fa84-dcb5-44f2-a2f9-4d4ffdd69db7', 0, 2, 2, 4, 2, 'd6089df4-6f82-4941-89ae-034854f47644', 'd5c0fa84-dcb5-44f2-a2f9-4d4ffdd69db7', '20170113 08:45:56', '20170117 11:26:32')
INSERT INTO [dbo].[MENU_ITEM] ([Id], [Name], [Url], [BuiltIn], [Order], [EntityType], [AssociationType], [Level], [ParentMenuItemId], [UserDefinableId], [CreatedDate], [UpdatedDate]) VALUES ('93e60554-f4d5-4f0f-a40b-78e1d5981670', N'Příběhy studentů', NULL, 0, 3, 0, 0, 2, 'd6089df4-6f82-4941-89ae-034854f47644', NULL, '20170113 08:46:06', '20170113 08:46:06')
INSERT INTO [dbo].[MENU_ITEM] ([Id], [Name], [Url], [BuiltIn], [Order], [EntityType], [AssociationType], [Level], [ParentMenuItemId], [UserDefinableId], [CreatedDate], [UpdatedDate]) VALUES ('f40dd3d8-0cfc-46f6-8024-3ea6a6b179d8', N'Uplatnění v oborech', N'/blog/Details/6d47e299-03a9-4013-b6c1-32c7c6bfa215', 0, 4, 2, 4, 2, 'd6089df4-6f82-4941-89ae-034854f47644', '6d47e299-03a9-4013-b6c1-32c7c6bfa215', '20170113 08:46:17', '20170117 11:27:05')
INSERT INTO [dbo].[MENU_ITEM] ([Id], [Name], [Url], [BuiltIn], [Order], [EntityType], [AssociationType], [Level], [ParentMenuItemId], [UserDefinableId], [CreatedDate], [UpdatedDate]) VALUES ('7cf2a95c-12c8-4aaa-9251-8234fc1685a8', N'Pravidla', N'/blog/Details/2d06106c-a6ff-4221-8d62-fb2698080682', 0, 5, 2, 4, 2, 'd6089df4-6f82-4941-89ae-034854f47644', '2d06106c-a6ff-4221-8d62-fb2698080682', '20170113 08:46:32', '20170113 08:46:32')

INSERT INTO [dbo].[MENU_ITEM] ([Id], [Name], [Url], [BuiltIn], [Order], [EntityType], [AssociationType], [Level], [ParentMenuItemId], [UserDefinableId], [CreatedDate], [UpdatedDate]) VALUES ('b02fc4af-3577-45e5-93fc-cb937d83a20b', N'Trénink pro děti', NULL, 0, 3, 2, 1, 1, 'd2ae8fb2-24c0-4103-bb50-37bc74331d78', NULL, '20170113 08:43:57', '20170124 22:47:39')
INSERT INTO [dbo].[MENU_ITEM] ([Id], [Name], [Url], [BuiltIn], [Order], [EntityType], [AssociationType], [Level], [ParentMenuItemId], [UserDefinableId], [CreatedDate], [UpdatedDate]) VALUES ('8a94c3bb-7d2e-4a7f-91bf-a30940ece936', N'Informace pro rodiče', N'/blog/Details/b8c2df14-316d-4bbc-b13b-6e2b4dd9b42e', 0, 1, 2, 4, 2, 'b02fc4af-3577-45e5-93fc-cb937d83a20b', 'b8c2df14-316d-4bbc-b13b-6e2b4dd9b42e', '20170113 08:46:41', '20170117 11:27:20')
INSERT INTO [dbo].[MENU_ITEM] ([Id], [Name], [Url], [BuiltIn], [Order], [EntityType], [AssociationType], [Level], [ParentMenuItemId], [UserDefinableId], [CreatedDate], [UpdatedDate]) VALUES ('93515af5-3edd-470d-9c85-829a209e922e', N'Co bude dítě potřebovat', N'/blog/Details/025ad244-0c02-477d-b40d-18d1e92025e5', 0, 2, 2, 4, 2, 'b02fc4af-3577-45e5-93fc-cb937d83a20b', '025ad244-0c02-477d-b40d-18d1e92025e5', '20170113 08:46:52', '20170117 11:27:45')
INSERT INTO [dbo].[MENU_ITEM] ([Id], [Name], [Url], [BuiltIn], [Order], [EntityType], [AssociationType], [Level], [ParentMenuItemId], [UserDefinableId], [CreatedDate], [UpdatedDate]) VALUES ('2b7bcae7-7ea7-4a19-9379-2ff19f565908', N'Ohlasy dětí', N'/blog/Details/8e125063-0c65-4309-9f3f-7b230e56578b', 0, 3, 2, 4, 2, 'b02fc4af-3577-45e5-93fc-cb937d83a20b', NULL, '20170113 08:46:59', '20170117 11:27:56')

INSERT INTO [dbo].[MENU_ITEM] ([Id], [Name], [Url], [BuiltIn], [Order], [EntityType], [AssociationType], [Level], [ParentMenuItemId], [UserDefinableId], [CreatedDate], [UpdatedDate]) VALUES ('009422ef-ccba-4ad5-8ae5-719d84459d20', N'Vlastní aktivity', NULL, 0, 4, 0, 1, 1, 'd2ae8fb2-24c0-4103-bb50-37bc74331d78', NULL, '20170113 08:44:05', '20170113 08:44:26')
INSERT INTO [dbo].[MENU_ITEM] ([Id], [Name], [Url], [BuiltIn], [Order], [EntityType], [AssociationType], [Level], [ParentMenuItemId], [UserDefinableId], [CreatedDate], [UpdatedDate]) VALUES ('f250a22f-aba5-4a1c-8bf3-f26aaf99dd77', N'Knihy', N'/product/', 0, 1, 7, 3, 2, '009422ef-ccba-4ad5-8ae5-719d84459d20', NULL, '20170113 08:47:09', '20170117 11:28:06')
INSERT INTO [dbo].[MENU_ITEM] ([Id], [Name], [Url], [BuiltIn], [Order], [EntityType], [AssociationType], [Level], [ParentMenuItemId], [UserDefinableId], [CreatedDate], [UpdatedDate]) VALUES ('174143c5-3ce7-48b0-bc61-fa9ed337b1b6', N'Sponzorství', N'/blog/Details/da965e9e-a8e4-46e7-b3f9-9bb44de7fbd1', 0, 2, 2, 4, 2, '009422ef-ccba-4ad5-8ae5-719d84459d20', 'da965e9e-a8e4-46e7-b3f9-9bb44de7fbd1', '20170113 08:47:16', '20170117 11:28:14')
INSERT INTO [dbo].[MENU_ITEM] ([Id], [Name], [Url], [BuiltIn], [Order], [EntityType], [AssociationType], [Level], [ParentMenuItemId], [UserDefinableId], [CreatedDate], [UpdatedDate]) VALUES ('db551ad6-d0f6-4362-94b5-d8c3e5ebd87a', N'Studium v Japonsku', N'/blog/Details/3c1f8aa4-f254-4619-9b2b-3e83ac38f16b', 0, 3, 2, 4, 2, '009422ef-ccba-4ad5-8ae5-719d84459d20', '3c1f8aa4-f254-4619-9b2b-3e83ac38f16b', '20170113 08:47:24', '20170117 11:29:00')
INSERT INTO [dbo].[MENU_ITEM] ([Id], [Name], [Url], [BuiltIn], [Order], [EntityType], [AssociationType], [Level], [ParentMenuItemId], [UserDefinableId], [CreatedDate], [UpdatedDate]) VALUES ('560bf836-b3c0-4361-9713-ac910daf738a', N'Jissen', N'/blog/Details/22942bfc-a8a6-4b7f-b523-aa1b48cea028', 0, 4, 2, 4, 2, '009422ef-ccba-4ad5-8ae5-719d84459d20', '22942bfc-a8a6-4b7f-b523-aa1b48cea028', '20170113 08:47:29', '20170117 11:29:10')
INSERT INTO [dbo].[MENU_ITEM] ([Id], [Name], [Url], [BuiltIn], [Order], [EntityType], [AssociationType], [Level], [ParentMenuItemId], [UserDefinableId], [CreatedDate], [UpdatedDate]) VALUES ('1fb79470-a03b-4ac8-8f51-940d21033c62', N'Rentaikai', N'/blog/Details/8f7a9387-edaa-4236-b1e3-0fc1e5fde907', 0, 5, 2, 4, 2, '009422ef-ccba-4ad5-8ae5-719d84459d20', '8f7a9387-edaa-4236-b1e3-0fc1e5fde907', '20170113 08:47:34', '20170117 11:35:02')

INSERT INTO [dbo].[MENU_ITEM] ([Id], [Name], [Url], [BuiltIn], [Order], [EntityType], [AssociationType], [Level], [ParentMenuItemId], [UserDefinableId], [CreatedDate], [UpdatedDate]) VALUES ('f88c7b87-d8d7-44d3-80ea-5071927385b8', N'Jak vybrat bojové umění', NULL, 0, 3, 0, 0, 0, NULL, NULL, '20170113 08:43:06', '20170113 08:43:06')
INSERT INTO [dbo].[MENU_ITEM] ([Id], [Name], [Url], [BuiltIn], [Order], [EntityType], [AssociationType], [Level], [ParentMenuItemId], [UserDefinableId], [CreatedDate], [UpdatedDate]) VALUES ('b41d8fe7-55b3-439f-a40e-11f23d567ad9', N'Výběr bojového umění', NULL, 0, 1, 0, 1, 1, 'f88c7b87-d8d7-44d3-80ea-5071927385b8', NULL, '20170113 08:44:19', '20170113 08:44:19')
INSERT INTO [dbo].[MENU_ITEM] ([Id], [Name], [Url], [BuiltIn], [Order], [EntityType], [AssociationType], [Level], [ParentMenuItemId], [UserDefinableId], [CreatedDate], [UpdatedDate]) VALUES ('a3e6b715-e129-414d-a5b8-b5f7de452dd2', N'Umění nebo sport?', N'/blog/Details/deafe0e0-5747-4dc1-854a-e6279a8b16bd', 0, 1, 2, 4, 2, 'b41d8fe7-55b3-439f-a40e-11f23d567ad9', 'deafe0e0-5747-4dc1-854a-e6279a8b16bd', '20170113 08:47:43', '20170117 11:35:11')
INSERT INTO [dbo].[MENU_ITEM] ([Id], [Name], [Url], [BuiltIn], [Order], [EntityType], [AssociationType], [Level], [ParentMenuItemId], [UserDefinableId], [CreatedDate], [UpdatedDate]) VALUES ('d48a1e9b-06e1-44a0-8b17-1be73b12429e', N'Typy bojových umění', N'/blog/Details/c2d1525c-2a26-45c8-abe9-5c5c37104f0d', 0, 2, 2, 4, 2, 'b41d8fe7-55b3-439f-a40e-11f23d567ad9', 'c2d1525c-2a26-45c8-abe9-5c5c37104f0d', '20170113 08:47:51', '20170117 11:35:20')
INSERT INTO [dbo].[MENU_ITEM] ([Id], [Name], [Url], [BuiltIn], [Order], [EntityType], [AssociationType], [Level], [ParentMenuItemId], [UserDefinableId], [CreatedDate], [UpdatedDate]) VALUES ('93357445-d776-406d-b67e-ac8dc82734bd', N'Specifika Bujinkanu', N'/blog/Details/da10a6b0-f735-4e17-9928-6571c230be06', 0, 3, 2, 4, 2, 'b41d8fe7-55b3-439f-a40e-11f23d567ad9', 'da10a6b0-f735-4e17-9928-6571c230be06', '20170113 08:47:58', '20170117 11:35:28')


INSERT INTO [dbo].[MENU_ITEM] ([Id], [Name], [Url], [BuiltIn], [Order], [EntityType], [AssociationType], [Level], [ParentMenuItemId], [UserDefinableId], [CreatedDate], [UpdatedDate]) VALUES ('518baa3c-fc4f-44b6-baa1-48937c8ff279', N'Kalendář', NULL, 0, 4, 0, 0, 0, NULL, NULL, '20170113 08:43:13', '20170113 08:43:13')
INSERT INTO [dbo].[MENU_ITEM] ([Id], [Name], [Url], [BuiltIn], [Order], [EntityType], [AssociationType], [Level], [ParentMenuItemId], [UserDefinableId], [CreatedDate], [UpdatedDate]) VALUES ('00cc2726-de3e-47fe-b163-e7d0b18b69ec', N'Pořádané akce', NULL, 0, 1, 0, 1, 1, '518baa3c-fc4f-44b6-baa1-48937c8ff279', NULL, '20170113 08:44:44', '20170113 08:44:44')
INSERT INTO [dbo].[MENU_ITEM] ([Id], [Name], [Url], [BuiltIn], [Order], [EntityType], [AssociationType], [Level], [ParentMenuItemId], [UserDefinableId], [CreatedDate], [UpdatedDate]) VALUES ('667cb53d-c441-4692-9540-e2d89932cf86', N'Shihan Luboš Pokorný', NULL, 0, 1, 0, 0, 2, '00cc2726-de3e-47fe-b163-e7d0b18b69ec', NULL, '20170113 08:48:19', '20170113 08:48:19')
INSERT INTO [dbo].[MENU_ITEM] ([Id], [Name], [Url], [BuiltIn], [Order], [EntityType], [AssociationType], [Level], [ParentMenuItemId], [UserDefinableId], [CreatedDate], [UpdatedDate]) VALUES ('099b2260-0d37-48e7-b467-74461afc0ab5', N'Semináře BCD', N'/seminar/', 0, 2, 4, 3, 2, '00cc2726-de3e-47fe-b163-e7d0b18b69ec', NULL, '20170113 08:48:32', '20170113 08:48:32')

INSERT INTO [dbo].[MENU_ITEM] ([Id], [Name], [Url], [BuiltIn], [Order], [EntityType], [AssociationType], [Level], [ParentMenuItemId], [UserDefinableId], [CreatedDate], [UpdatedDate]) VALUES ('a80f23c0-d040-4758-85c7-b057ae80eac7', N'O nás', NULL, 0, 5, 0, 0, 0, NULL, NULL, '20170113 08:43:18', '20170113 08:43:18')
INSERT INTO [dbo].[MENU_ITEM] ([Id], [Name], [Url], [BuiltIn], [Order], [EntityType], [AssociationType], [Level], [ParentMenuItemId], [UserDefinableId], [CreatedDate], [UpdatedDate]) VALUES ('38e895dd-1441-482b-9909-fec46d96bb40', N'Kontaktní informace', NULL, 0, 1, 0, 1, 1, 'a80f23c0-d040-4758-85c7-b057ae80eac7', NULL, '20170113 08:44:56', '20170113 08:48:40')
INSERT INTO [dbo].[MENU_ITEM] ([Id], [Name], [Url], [BuiltIn], [Order], [EntityType], [AssociationType], [Level], [ParentMenuItemId], [UserDefinableId], [CreatedDate], [UpdatedDate]) VALUES ('281f6e29-0dda-4b29-b7cf-df37ffc1a160', N'o Bujinkan Czech Dojo', N'/blog/Details/1ec3b993-c94c-4be7-aa4a-bc0067892fb3', 0, 1, 2, 4, 2, '38e895dd-1441-482b-9909-fec46d96bb40', '1ec3b993-c94c-4be7-aa4a-bc0067892fb3', '20170113 08:49:03', '20170113 08:49:03')
INSERT INTO [dbo].[MENU_ITEM] ([Id], [Name], [Url], [BuiltIn], [Order], [EntityType], [AssociationType], [Level], [ParentMenuItemId], [UserDefinableId], [CreatedDate], [UpdatedDate]) VALUES ('f4a04404-86e7-4502-9d79-549742b5f242', N'Instruktoři', N'/user/', 0, 2, 0, 3, 2, '38e895dd-1441-482b-9909-fec46d96bb40', NULL, '20170113 08:49:32', '20170113 08:49:32')





